[ [ 20, [ 2 ] ], [ 21, [ 2 ] ], [ 22, [ 2 ] ], [ 173, [ 2 ] ], 
  [ 185, [ 2 ] ], [ 189, [ 2 ] ], [ 199, [ 2 ] ], [ 209, [ 2 ] ], 
  [ 210, [ 2 ] ], [ 211, [ 2 ] ], [ 212, [ 2 ] ], [ 221, [ 2 ] ], 
  [ 222, [ 2 ] ], [ 223, [ 2 ] ], [ 232, [ 2 ] ], [ 233, [ 2 ] ], 
  [ 234, [ 2 ] ], [ 292, [ 2 ] ], [ 293, [ 2 ] ], [ 294, [ 2 ] ], 
  [ 295, [ 2 ] ], [ 296, [ 2 ] ], [ 297, [ 2 ] ], [ 298, [ 2 ] ], 
  [ 299, [ 2 ] ], [ 300, [ 2 ] ], [ 301, [ 2 ] ], [ 302, [ 2 ] ], 
  [ 303, [ 2 ] ], [ 304, [ 2 ] ], [ 305, [ 2 ] ], [ 306, [ 2 ] ], 
  [ 307, [ 2 ] ], [ 308, [ 2 ] ], [ 309, [ 2 ] ], [ 310, [ 2 ] ], 
  [ 311, [ 2 ] ], [ 312, [ 2 ] ], [ 313, [ 2 ] ], [ 314, [ 2 ] ], 
  [ 315, [ 2 ] ], [ 340, [ 2 ] ], [ 341, [ 2 ] ], [ 344, [ 2 ] ], 
  [ 346, [ 2 ] ], [ 348, [ 2 ] ], [ 355, [ 2 ] ], [ 357, [ 2 ] ], 
  [ 360, [ 2 ] ], [ 362, [ 2 ] ], [ 491, [ 2 ] ], [ 492, [ 2 ] ], 
  [ 493, [ 2 ] ], [ 494, [ 2 ] ], [ 495, [ 2 ] ], [ 496, [ 2 ] ], 
  [ 515, [ 2 ] ], [ 516, [ 2 ] ], [ 521, [ 2 ] ], [ 522, [ 2 ] ], 
  [ 580, [ 2 ] ], [ 581, [ 2 ] ], [ 582, [ 2 ] ], [ 583, [ 2 ] ], 
  [ 584, [ 2 ] ], [ 585, [ 2 ] ], [ 586, [ 2 ] ], [ 587, [ 2 ] ], 
  [ 588, [ 2 ] ], [ 589, [ 2 ] ], [ 590, [ 2 ] ], [ 591, [ 2 ] ], 
  [ 592, [ 2 ] ], [ 593, [ 2 ] ], [ 682, [ 2 ] ], [ 683, [ 2 ] ], 
  [ 684, [ 2 ] ], [ 685, [ 2 ] ], [ 686, [ 2 ] ], [ 687, [ 2 ] ], 
  [ 688, [ 2 ] ], [ 689, [ 2 ] ], [ 690, [ 2 ] ], [ 691, [ 2 ] ], 
  [ 692, [ 2 ] ], [ 693, [ 2 ] ], [ 694, [ 2 ] ], [ 695, [ 2 ] ], 
  [ 696, [ 2 ] ], [ 697, [ 2 ] ], [ 698, [ 2 ] ], [ 699, [ 2 ] ], 
  [ 700, [ 2 ] ], [ 701, [ 2 ] ], [ 702, [ 2 ] ], [ 703, [ 2 ] ], 
  [ 704, [ 2 ] ], [ 705, [ 2 ] ], [ 706, [ 2 ] ], [ 707, [ 2 ] ], 
  [ 708, [ 2 ] ], [ 709, [ 2 ] ], [ 710, [ 2 ] ], [ 711, [ 2 ] ], 
  [ 712, [ 2 ] ], [ 713, [ 2 ] ], [ 714, [ 2 ] ], [ 715, [ 2 ] ], 
  [ 716, [ 2 ] ], [ 717, [ 2 ] ], [ 718, [ 2 ] ], [ 719, [ 2 ] ], 
  [ 720, [ 2 ] ], [ 721, [ 2 ] ], [ 856, [ 2 ] ], [ 864, [ 2 ] ], 
  [ 874, [ 2 ] ], [ 887, [ 2 ] ], [ 888, [ 2 ] ], [ 1003, [ 2 ] ], 
  [ 1004, [ 2 ] ], [ 1005, [ 2 ] ], [ 1006, [ 2 ] ], [ 1018, [ 2 ] ], 
  [ 1019, [ 2 ] ], [ 1020, [ 2 ] ], [ 1028, [ 2 ] ], [ 1029, [ 2 ] ], 
  [ 1030, [ 2 ] ], [ 1037, [ 2 ] ], [ 1038, [ 2 ] ], [ 1043, [ 2 ] ], 
  [ 1044, [ 2 ] ], [ 1049, [ 2 ] ], [ 1050, [ 2 ] ], [ 1057, [ 2 ] ], 
  [ 1058, [ 2 ] ], [ 1065, [ 2 ] ], [ 1066, [ 2 ] ], [ 1073, [ 2 ] ], 
  [ 1074, [ 2 ] ], [ 1081, [ 2 ] ], [ 1082, [ 2 ] ], [ 1087, [ 2 ] ], 
  [ 1088, [ 2 ] ], [ 1091, [ 2 ] ], [ 1092, [ 2 ] ], [ 1093, [ 2 ] ], 
  [ 1094, [ 2 ] ], [ 1099, [ 2 ] ], [ 1100, [ 2 ] ], [ 1101, [ 2 ] ], 
  [ 1105, [ 2 ] ], [ 1106, [ 2 ] ], [ 1107, [ 2 ] ], [ 1111, [ 2 ] ], 
  [ 1112, [ 2 ] ], [ 1115, [ 2 ] ], [ 1116, [ 2 ] ], [ 1166, [ 2 ] ], 
  [ 1167, [ 2 ] ], [ 1176, [ 2 ] ], [ 1183, [ 2 ] ], [ 1196, [ 2 ] ], 
  [ 1197, [ 2 ] ], [ 1204, [ 2 ] ], [ 1205, [ 2 ] ], [ 1212, [ 2 ] ], 
  [ 1213, [ 2 ] ], [ 1219, [ 2 ] ], [ 1220, [ 2 ] ], [ 1221, [ 2 ] ], 
  [ 1227, [ 2 ] ], [ 1231, [ 2 ] ], [ 1232, [ 2 ] ], [ 1236, [ 2 ] ], 
  [ 1241, [ 2 ] ], [ 1242, [ 2 ] ], [ 1257, [ 2 ] ], [ 1264, [ 2 ] ], 
  [ 1274, [ 2 ] ], [ 1275, [ 2 ] ], [ 1283, [ 2 ] ], [ 1585, [ 2 ] ], 
  [ 1598, [ 2 ] ], [ 1601, [ 2 ] ], [ 1606, [ 2 ] ], [ 1607, [ 2 ] ], 
  [ 1612, [ 2 ] ], [ 1613, [ 2 ] ], [ 1614, [ 2 ] ], [ 1615, [ 2 ] ], 
  [ 1616, [ 2 ] ], [ 1617, [ 2 ] ], [ 1618, [ 2 ] ], [ 1619, [ 2 ] ], 
  [ 1620, [ 2 ] ], [ 1621, [ 2 ] ], [ 1622, [ 2 ] ], [ 1623, [ 2 ] ], 
  [ 1624, [ 2 ] ], [ 1625, [ 2 ] ], [ 1626, [ 2 ] ], [ 1627, [ 2 ] ], 
  [ 1628, [ 2 ] ], [ 1629, [ 2 ] ], [ 1638, [ 2 ] ], [ 1639, [ 2 ] ], 
  [ 1640, [ 2 ] ], [ 1641, [ 2 ] ], [ 1642, [ 2 ] ], [ 1643, [ 2 ] ], 
  [ 1644, [ 2 ] ], [ 1645, [ 2 ] ], [ 1650, [ 2 ] ], [ 1651, [ 2 ] ], 
  [ 1652, [ 2 ] ], [ 1653, [ 2 ] ], [ 1656, [ 2 ] ], [ 1657, [ 2 ] ], 
  [ 1660, [ 2 ] ], [ 1661, [ 2 ] ], [ 1774, [ 2 ] ], [ 1782, [ 2 ] ], 
  [ 1783, [ 2 ] ], [ 1786, [ 2 ] ], [ 1787, [ 2 ] ], [ 1796, [ 2 ] ], 
  [ 1807, [ 2 ] ], [ 1808, [ 2 ] ], [ 1809, [ 2 ] ], [ 1813, [ 2 ] ], 
  [ 1814, [ 2 ] ], [ 1815, [ 2 ] ], [ 1816, [ 2 ] ], [ 2061, [ 2 ] ], 
  [ 2062, [ 2 ] ], [ 2103, [ 2 ] ], [ 2104, [ 2 ] ], [ 2105, [ 2 ] ], 
  [ 2106, [ 2 ] ], [ 2111, [ 2 ] ], [ 2112, [ 2 ] ], [ 2113, [ 2 ] ], 
  [ 2114, [ 2 ] ], [ 2123, [ 2 ] ], [ 2124, [ 2 ] ], [ 2125, [ 2 ] ], 
  [ 2126, [ 2 ] ], [ 2127, [ 2 ] ], [ 2128, [ 2 ] ], [ 2129, [ 2 ] ], 
  [ 2130, [ 2 ] ], [ 2139, [ 2 ] ], [ 2140, [ 2 ] ], [ 2141, [ 2 ] ], 
  [ 2142, [ 2 ] ], [ 2143, [ 2 ] ], [ 2144, [ 2 ] ], [ 2145, [ 2 ] ], 
  [ 2146, [ 2 ] ], [ 2197, [ 2 ] ], [ 2198, [ 2 ] ], [ 2201, [ 2 ] ], 
  [ 2202, [ 2 ] ], [ 2211, [ 2 ] ], [ 2212, [ 2 ] ], [ 2213, [ 2 ] ], 
  [ 2214, [ 2 ] ], [ 2215, [ 2 ] ], [ 2216, [ 2 ] ], [ 2217, [ 2 ] ], 
  [ 2218, [ 2 ] ], [ 2223, [ 2 ] ], [ 2224, [ 2 ] ], [ 2225, [ 2 ] ], 
  [ 2226, [ 2 ] ], [ 2295, [ 2 ] ], [ 2296, [ 2 ] ], [ 2297, [ 2 ] ], 
  [ 2298, [ 2 ] ], [ 2301, [ 2 ] ], [ 2302, [ 2 ] ], [ 2307, [ 2 ] ], 
  [ 2308, [ 2 ] ], [ 2309, [ 2 ] ], [ 2310, [ 2 ] ], [ 2315, [ 2 ] ], 
  [ 2316, [ 2 ] ], [ 2317, [ 2 ] ], [ 2318, [ 2 ] ], [ 2373, [ 2 ] ], 
  [ 2374, [ 2 ] ], [ 2377, [ 2 ] ], [ 2378, [ 2 ] ], [ 2387, [ 2 ] ], 
  [ 2388, [ 2 ] ], [ 2389, [ 2 ] ], [ 2390, [ 2 ] ], [ 2391, [ 2 ] ], 
  [ 2392, [ 2 ] ], [ 2393, [ 2 ] ], [ 2394, [ 2 ] ], [ 2399, [ 2 ] ], 
  [ 2400, [ 2 ] ], [ 2401, [ 2 ] ], [ 2402, [ 2 ] ], [ 2459, [ 2 ] ], 
  [ 2460, [ 2 ] ], [ 2461, [ 2 ] ], [ 2462, [ 2 ] ], [ 2467, [ 2 ] ], 
  [ 2468, [ 2 ] ], [ 2469, [ 2 ] ], [ 2470, [ 2 ] ], [ 2475, [ 2 ] ], 
  [ 2476, [ 2 ] ], [ 2477, [ 2 ] ], [ 2478, [ 2 ] ], [ 2481, [ 2 ] ], 
  [ 2482, [ 2 ] ], [ 2543, [ 2 ] ], [ 2544, [ 2 ] ], [ 2557, [ 2 ] ], 
  [ 2558, [ 2 ] ], [ 2559, [ 2 ] ], [ 2560, [ 2 ] ], [ 2561, [ 2 ] ], 
  [ 2562, [ 2 ] ], [ 2563, [ 2 ] ], [ 2564, [ 2 ] ], [ 2569, [ 2 ] ], 
  [ 2570, [ 2 ] ], [ 2571, [ 2 ] ], [ 2572, [ 2 ] ], [ 2575, [ 2 ] ], 
  [ 2576, [ 2 ] ], [ 2579, [ 2 ] ], [ 2580, [ 2 ] ], [ 2583, [ 2 ] ], 
  [ 2584, [ 2 ] ], [ 2605, [ 2 ] ], [ 2606, [ 2 ] ], [ 2607, [ 2 ] ], 
  [ 2608, [ 2 ] ], [ 2609, [ 2 ] ], [ 2610, [ 2 ] ], [ 2613, [ 2 ] ], 
  [ 2614, [ 2 ] ], [ 2618, [ 2 ] ], [ 2619, [ 2 ] ], [ 2620, [ 2 ] ], 
  [ 2623, [ 2 ] ], [ 2624, [ 2 ] ], [ 2628, [ 2 ] ], [ 2629, [ 2 ] ], 
  [ 2630, [ 2 ] ], [ 2646, [ 2 ] ], [ 2647, [ 2 ] ], [ 2648, [ 2 ] ], 
  [ 2670, [ 2 ] ], [ 2671, [ 2 ] ], [ 2672, [ 2 ] ], [ 2676, [ 2 ] ], 
  [ 2677, [ 2 ] ], [ 2678, [ 2 ] ], [ 2689, [ 2 ] ], [ 2690, [ 2 ] ], 
  [ 2691, [ 2 ] ], [ 2692, [ 2 ] ], [ 2693, [ 2 ] ], [ 2694, [ 2 ] ], 
  [ 2695, [ 2 ] ], [ 2696, [ 2 ] ], [ 2697, [ 2 ] ], [ 2698, [ 2 ] ], 
  [ 2702, [ 2 ] ], [ 2703, [ 2 ] ], [ 2704, [ 2 ] ], [ 2708, [ 2 ] ], 
  [ 2709, [ 2 ] ], [ 2710, [ 2 ] ], [ 2714, [ 2 ] ], [ 2715, [ 2 ] ], 
  [ 2716, [ 2 ] ], [ 2727, [ 2 ] ], [ 2728, [ 2 ] ], [ 2729, [ 2 ] ], 
  [ 2730, [ 2 ] ], [ 2731, [ 2 ] ], [ 2732, [ 2 ] ], [ 2733, [ 2 ] ], 
  [ 2734, [ 2 ] ], [ 2735, [ 2 ] ], [ 2736, [ 2 ] ], [ 2740, [ 2 ] ], 
  [ 2741, [ 2 ] ], [ 2742, [ 2 ] ], [ 2746, [ 2 ] ], [ 2747, [ 2 ] ], 
  [ 2748, [ 2 ] ], [ 2752, [ 2 ] ], [ 2753, [ 2 ] ], [ 2754, [ 2 ] ], 
  [ 2762, [ 2 ] ], [ 2763, [ 2 ] ], [ 2764, [ 2 ] ], [ 2765, [ 2 ] ], 
  [ 2766, [ 2 ] ], [ 2767, [ 2 ] ], [ 2768, [ 2 ] ], [ 2772, [ 2 ] ], 
  [ 2773, [ 2 ] ], [ 2774, [ 2 ] ], [ 2778, [ 2 ] ], [ 2779, [ 2 ] ], 
  [ 2780, [ 2 ] ], [ 2791, [ 2 ] ], [ 2792, [ 2 ] ], [ 2793, [ 2 ] ], 
  [ 2794, [ 2 ] ], [ 2795, [ 2 ] ], [ 2796, [ 2 ] ], [ 2797, [ 2 ] ], 
  [ 2798, [ 2 ] ], [ 2799, [ 2 ] ], [ 2800, [ 2 ] ], [ 2804, [ 2 ] ], 
  [ 2805, [ 2 ] ], [ 2806, [ 2 ] ], [ 2814, [ 2 ] ], [ 2815, [ 2 ] ], 
  [ 2816, [ 2 ] ], [ 2817, [ 2 ] ], [ 2818, [ 2 ] ], [ 2819, [ 2 ] ], 
  [ 2820, [ 2 ] ], [ 2821, [ 2 ] ], [ 2822, [ 2 ] ], [ 2823, [ 2 ] ], 
  [ 2824, [ 2 ] ], [ 2825, [ 2 ] ], [ 2826, [ 2 ] ], [ 2827, [ 2 ] ], 
  [ 2828, [ 2 ] ], [ 2829, [ 2 ] ], [ 2830, [ 2 ] ], [ 2834, [ 2 ] ], 
  [ 2835, [ 2 ] ], [ 2836, [ 2 ] ], [ 2837, [ 2 ] ], [ 2838, [ 2 ] ], 
  [ 2839, [ 2 ] ], [ 2840, [ 2 ] ], [ 2841, [ 2 ] ], [ 2842, [ 2 ] ], 
  [ 2846, [ 2 ] ], [ 2847, [ 2 ] ], [ 2848, [ 2 ] ], [ 2849, [ 2 ] ], 
  [ 2850, [ 2 ] ], [ 2851, [ 2 ] ], [ 2860, [ 2 ] ], [ 2861, [ 2 ] ], 
  [ 2875, [ 2 ] ], [ 2876, [ 2 ] ], [ 2877, [ 2 ] ], [ 2881, [ 2 ] ], 
  [ 2882, [ 2 ] ], [ 2883, [ 2 ] ], [ 2890, [ 2 ] ], [ 2891, [ 2 ] ], 
  [ 2892, [ 2 ] ], [ 2893, [ 2 ] ], [ 2894, [ 2 ] ], [ 2895, [ 2 ] ], 
  [ 2899, [ 2 ] ], [ 2900, [ 2 ] ], [ 2901, [ 2 ] ], [ 3066, [ 2 ] ], 
  [ 3067, [ 2 ] ], [ 3068, [ 2 ] ], [ 3069, [ 2 ] ], [ 3070, [ 2 ] ], 
  [ 3071, [ 2 ] ], [ 3072, [ 2 ] ], [ 3073, [ 2 ] ], [ 3074, [ 2 ] ], 
  [ 3075, [ 2 ] ], [ 3200, [ 2 ] ], [ 3201, [ 2 ] ], [ 3202, [ 2 ] ], 
  [ 3203, [ 2 ] ], [ 3204, [ 2 ] ], [ 3205, [ 2 ] ], [ 3288, [ 2 ] ], 
  [ 3289, [ 2 ] ], [ 3290, [ 2 ] ], [ 3291, [ 2 ] ], [ 3346, [ 2 ] ], 
  [ 3347, [ 2 ] ], [ 3348, [ 2 ] ], [ 3349, [ 2 ] ], [ 3412, [ 2 ] ], 
  [ 3413, [ 2 ] ], [ 3414, [ 2 ] ], [ 3415, [ 2 ] ], [ 3416, [ 2 ] ], 
  [ 3417, [ 2 ] ], [ 3512, [ 2 ] ], [ 3513, [ 2 ] ], [ 3514, [ 2 ] ], 
  [ 3515, [ 2 ] ], [ 3516, [ 2 ] ], [ 3517, [ 2 ] ], [ 3518, [ 2 ] ], 
  [ 3519, [ 2 ] ], [ 3520, [ 2 ] ], [ 3521, [ 2 ] ], [ 3522, [ 2 ] ], 
  [ 3523, [ 2 ] ], [ 3571, [ 2 ] ], [ 3572, [ 2 ] ], [ 3573, [ 2 ] ], 
  [ 3574, [ 2 ] ], [ 3708, [ 2 ] ], [ 3710, [ 2 ] ], [ 3712, [ 2 ] ], 
  [ 3807, [ 2 ] ], [ 3809, [ 2 ] ], [ 3811, [ 2 ] ], [ 3828, [ 2 ] ], 
  [ 3831, [ 2 ] ], [ 3833, [ 2 ] ], [ 3848, [ 2 ] ], [ 3851, [ 2 ] ], 
  [ 3853, [ 2 ] ], [ 3867, [ 2 ] ], [ 3869, [ 2 ] ], [ 3871, [ 2 ] ], 
  [ 3912, [ 2 ] ], [ 3915, [ 2 ] ], [ 3916, [ 2 ] ], [ 3918, [ 2 ] ], 
  [ 4409, [ 2 ] ], [ 4431, [ 2 ] ], [ 4451, [ 2 ] ], [ 4457, [ 2 ] ], 
  [ 4479, [ 2 ] ], [ 4485, [ 2 ] ], [ 4612, [ 2 ] ], [ 4615, [ 2 ] ], 
  [ 4616, [ 2 ] ], [ 4620, [ 2 ] ], [ 4623, [ 2 ] ], [ 4624, [ 2 ] ], 
  [ 4628, [ 2 ] ], [ 4631, [ 2 ] ], [ 4632, [ 2 ] ], [ 4662, [ 2 ] ], 
  [ 4663, [ 2 ] ], [ 4664, [ 2 ] ], [ 4784, [ 2 ] ], [ 4785, [ 2 ] ], 
  [ 4786, [ 2 ] ], [ 4787, [ 2, 2 ] ], [ 4788, [ 2, 2 ] ], [ 4789, [ 2, 2 ] ],
  [ 4790, [ 2 ] ], [ 4791, [ 2 ] ], [ 4792, [ 2 ] ], [ 4793, [ 2, 2 ] ], 
  [ 4794, [ 2, 2 ] ], [ 4795, [ 2, 2 ] ], [ 4796, [ 2 ] ], [ 4797, [ 2 ] ], 
  [ 4798, [ 2 ] ], [ 4799, [ 2, 2 ] ], [ 4800, [ 2, 2 ] ], [ 4801, [ 2, 2 ] ],
  [ 4802, [ 2 ] ], [ 4803, [ 2 ] ], [ 4804, [ 2 ] ], [ 4805, [ 2, 2 ] ], 
  [ 4806, [ 2, 2 ] ], [ 4807, [ 2, 2 ] ], [ 4808, [ 2 ] ], [ 4809, [ 2 ] ], 
  [ 4810, [ 2 ] ], [ 4811, [ 2 ] ], [ 4812, [ 2, 2 ] ], [ 4813, [ 2, 2 ] ], 
  [ 4814, [ 2, 2 ] ], [ 4815, [ 2, 2 ] ], [ 4816, [ 2 ] ], [ 4817, [ 2 ] ], 
  [ 4818, [ 2 ] ], [ 4819, [ 2 ] ], [ 4820, [ 2, 2 ] ], [ 4821, [ 2, 2 ] ], 
  [ 4822, [ 2, 2 ] ], [ 4823, [ 2, 2 ] ], [ 4824, [ 2 ] ], [ 4825, [ 2 ] ], 
  [ 4826, [ 2 ] ], [ 4846, [ 2 ] ], [ 4847, [ 2 ] ], [ 4848, [ 2 ] ], 
  [ 4852, [ 2 ] ], [ 4853, [ 2 ] ], [ 4854, [ 2 ] ], [ 4876, [ 2 ] ], 
  [ 4877, [ 2 ] ], [ 4878, [ 2 ] ], [ 4882, [ 2 ] ], [ 4883, [ 2 ] ], 
  [ 4884, [ 2 ] ], [ 4903, [ 2 ] ], [ 4904, [ 2 ] ], [ 4905, [ 2 ] ], 
  [ 4947, [ 2 ] ], [ 4948, [ 2 ] ], [ 4952, [ 2 ] ], [ 4953, [ 2 ] ], 
  [ 4954, [ 2 ] ], [ 4957, [ 2 ] ], [ 4958, [ 2 ] ], [ 4962, [ 2 ] ], 
  [ 4963, [ 2 ] ], [ 4964, [ 2 ] ], [ 4967, [ 2 ] ], [ 4968, [ 2 ] ], 
  [ 4973, [ 2 ] ], [ 4974, [ 2 ] ], [ 4975, [ 2 ] ], [ 4976, [ 2 ] ], 
  [ 4980, [ 2 ] ], [ 4981, [ 2 ] ], [ 4982, [ 2 ] ], [ 5005, [ 2 ] ], 
  [ 5013, [ 2 ] ], [ 5046, [ 2 ] ], [ 5049, [ 2 ] ], [ 5052, [ 2 ] ], 
  [ 5072, [ 2 ] ], [ 5073, [ 2 ] ], [ 5074, [ 2 ] ], [ 5075, [ 2 ] ], 
  [ 5076, [ 2 ] ], [ 5077, [ 2 ] ], [ 5081, [ 2 ] ], [ 5082, [ 2 ] ], 
  [ 5083, [ 2 ] ], [ 5111, [ 2 ] ], [ 5112, [ 2 ] ], [ 5113, [ 2 ] ], 
  [ 5124, [ 2 ] ], [ 5125, [ 2 ] ], [ 5126, [ 2 ] ], [ 5127, [ 2 ] ], 
  [ 5143, [ 2 ] ], [ 5144, [ 2 ] ], [ 5145, [ 2 ] ], [ 5171, [ 2 ] ], 
  [ 5172, [ 2 ] ], [ 5173, [ 2 ] ], [ 5186, [ 2 ] ], [ 5187, [ 2 ] ], 
  [ 5188, [ 2 ] ], [ 5189, [ 2 ] ], [ 5193, [ 2 ] ], [ 5194, [ 2 ] ], 
  [ 5195, [ 2 ] ], [ 5205, [ 2 ] ], [ 5206, [ 2 ] ], [ 5207, [ 2 ] ], 
  [ 5218, [ 2 ] ], [ 5219, [ 2 ] ], [ 5220, [ 2 ] ], [ 5221, [ 2 ] ], 
  [ 5237, [ 2 ] ], [ 5238, [ 2 ] ], [ 5239, [ 2 ] ], [ 5247, [ 2 ] ], 
  [ 5248, [ 2 ] ], [ 5249, [ 2 ] ], [ 5262, [ 2 ] ], [ 5263, [ 2 ] ], 
  [ 5264, [ 2 ] ], [ 5265, [ 2 ] ], [ 5421, [ 2 ] ], [ 5422, [ 2 ] ], 
  [ 5423, [ 2 ] ], [ 5430, [ 2 ] ], [ 5431, [ 2 ] ], [ 5432, [ 2 ] ], 
  [ 5442, [ 2 ] ], [ 5443, [ 2 ] ], [ 5444, [ 2 ] ], [ 5448, [ 2 ] ], 
  [ 5449, [ 2 ] ], [ 5450, [ 2 ] ], [ 5459, [ 2 ] ], [ 5460, [ 2 ] ], 
  [ 5461, [ 2 ] ], [ 5462, [ 2 ] ], [ 5467, [ 2 ] ], [ 5468, [ 2 ] ], 
  [ 5469, [ 2 ] ], [ 5470, [ 2 ] ], [ 5471, [ 2 ] ], [ 5472, [ 2 ] ], 
  [ 5473, [ 2 ] ], [ 5474, [ 2 ] ], [ 5475, [ 2 ] ], [ 5476, [ 2 ] ], 
  [ 5477, [ 2 ] ], [ 5478, [ 2 ] ], [ 5479, [ 2 ] ], [ 5480, [ 2 ] ], 
  [ 5481, [ 2 ] ], [ 5482, [ 2 ] ], [ 5483, [ 2 ] ], [ 5484, [ 2 ] ], 
  [ 5485, [ 2 ] ], [ 5486, [ 2 ] ], [ 5487, [ 2 ] ], [ 5488, [ 2 ] ], 
  [ 5489, [ 2 ] ], [ 5490, [ 2 ] ], [ 5494, [ 2 ] ], [ 5495, [ 2 ] ], 
  [ 5496, [ 2 ] ], [ 5500, [ 2 ] ], [ 5501, [ 2 ] ], [ 5502, [ 2 ] ], 
  [ 5507, [ 2 ] ], [ 5508, [ 2 ] ], [ 5512, [ 2 ] ], [ 5513, [ 2 ] ], 
  [ 5514, [ 2 ] ], [ 5515, [ 2 ] ], [ 5516, [ 2 ] ], [ 5517, [ 2 ] ], 
  [ 5518, [ 2 ] ], [ 5519, [ 2 ] ], [ 5520, [ 2 ] ], [ 5521, [ 2 ] ], 
  [ 5522, [ 2 ] ], [ 5523, [ 2 ] ], [ 5524, [ 2 ] ], [ 5777, [ 2 ] ], 
  [ 5824, [ 2 ] ], [ 5826, [ 2 ] ], [ 5872, [ 2 ] ], [ 5878, [ 2 ] ], 
  [ 5880, [ 2 ] ], [ 5889, [ 2 ] ], [ 5896, [ 2 ] ], [ 5898, [ 2 ] ], 
  [ 5972, [ 2 ] ], [ 6049, [ 2 ] ], [ 6050, [ 2 ] ], [ 6052, [ 2 ] ], 
  [ 6113, [ 2 ] ], [ 6137, [ 2 ] ], [ 6138, [ 2 ] ], [ 6140, [ 2 ] ], 
  [ 6141, [ 2 ] ], [ 6142, [ 2 ] ], [ 6143, [ 2 ] ], [ 6144, [ 2 ] ], 
  [ 6145, [ 2 ] ], [ 6146, [ 2 ] ], [ 6150, [ 2 ] ], [ 6155, [ 2 ] ], 
  [ 6156, [ 2 ] ], [ 6158, [ 2 ] ], [ 6162, [ 2 ] ], [ 6163, [ 2 ] ], 
  [ 6180, [ 2 ] ], [ 6184, [ 2 ] ], [ 6193, [ 2 ] ], [ 6194, [ 2 ] ], 
  [ 6195, [ 2 ] ], [ 6197, [ 2 ] ], [ 6203, [ 2 ] ], [ 6204, [ 2 ] ], 
  [ 6226, [ 2 ] ], [ 6227, [ 2 ] ], [ 6228, [ 2 ] ], [ 6230, [ 2 ] ], 
  [ 6235, [ 2 ] ], [ 6236, [ 2 ] ], [ 6237, [ 2 ] ], [ 6238, [ 2 ] ], 
  [ 6255, [ 2 ] ], [ 6271, [ 2 ] ], [ 6272, [ 2 ] ], [ 6274, [ 2 ] ], 
  [ 6279, [ 2 ] ], [ 6563, [ 2 ] ], [ 6564, [ 2 ] ], [ 6565, [ 2 ] ], 
  [ 6581, [ 2 ] ], [ 6582, [ 2 ] ], [ 6585, [ 2 ] ], [ 6586, [ 2 ] ], 
  [ 6685, [ 2 ] ], [ 6686, [ 2 ] ], [ 6687, [ 2 ] ], [ 6710, [ 2 ] ], 
  [ 6711, [ 2 ] ], [ 6712, [ 2 ] ], [ 6717, [ 2 ] ], [ 6718, [ 2 ] ], 
  [ 6722, [ 2 ] ], [ 7243, [ 2 ] ], [ 7244, [ 2 ] ], [ 7245, [ 2 ] ], 
  [ 7246, [ 2 ] ], [ 7247, [ 2 ] ], [ 7248, [ 2 ] ], [ 7249, [ 2 ] ], 
  [ 7250, [ 2 ] ], [ 7251, [ 2 ] ], [ 7252, [ 2 ] ], [ 7253, [ 2 ] ], 
  [ 7254, [ 2 ] ], [ 7255, [ 2 ] ], [ 7256, [ 2 ] ], [ 7257, [ 2 ] ], 
  [ 7258, [ 2 ] ], [ 7259, [ 2 ] ], [ 7260, [ 2 ] ], [ 7261, [ 2 ] ], 
  [ 7262, [ 2 ] ], [ 7263, [ 2 ] ], [ 7264, [ 2 ] ], [ 7265, [ 2 ] ], 
  [ 7266, [ 2 ] ], [ 7267, [ 2 ] ], [ 7268, [ 2 ] ], [ 7269, [ 2 ] ], 
  [ 7270, [ 2 ] ], [ 7271, [ 2 ] ], [ 7272, [ 2 ] ], [ 7273, [ 2 ] ], 
  [ 7274, [ 2 ] ], [ 7275, [ 2 ] ], [ 7276, [ 2 ] ], [ 7277, [ 2 ] ], 
  [ 7278, [ 2 ] ], [ 7279, [ 2 ] ], [ 7280, [ 2 ] ], [ 7281, [ 2 ] ], 
  [ 7282, [ 2 ] ], [ 7283, [ 2 ] ], [ 7284, [ 2 ] ], [ 7285, [ 2 ] ], 
  [ 7286, [ 2 ] ], [ 7287, [ 2 ] ], [ 7288, [ 2 ] ], [ 7289, [ 2 ] ], 
  [ 7290, [ 2 ] ], [ 7291, [ 2 ] ], [ 7292, [ 2 ] ], [ 7293, [ 2 ] ], 
  [ 7294, [ 2 ] ], [ 7295, [ 2 ] ], [ 7296, [ 2 ] ], [ 7297, [ 2 ] ], 
  [ 7298, [ 2 ] ], [ 7299, [ 2 ] ], [ 7300, [ 2 ] ], [ 7301, [ 2 ] ], 
  [ 7302, [ 2 ] ], [ 7303, [ 2 ] ], [ 7304, [ 2 ] ], [ 7305, [ 2 ] ], 
  [ 7306, [ 2 ] ], [ 7307, [ 2 ] ], [ 7308, [ 2 ] ], [ 7309, [ 2 ] ], 
  [ 7310, [ 2 ] ], [ 7311, [ 2 ] ], [ 7312, [ 2 ] ], [ 7313, [ 2 ] ], 
  [ 7314, [ 2 ] ], [ 7315, [ 2 ] ], [ 7316, [ 2 ] ], [ 7317, [ 2 ] ], 
  [ 7318, [ 2 ] ], [ 7319, [ 2 ] ], [ 7320, [ 2 ] ], [ 7321, [ 2 ] ], 
  [ 7322, [ 2 ] ], [ 7323, [ 2 ] ], [ 7324, [ 2 ] ], [ 7325, [ 2 ] ], 
  [ 7326, [ 2 ] ], [ 7327, [ 2 ] ], [ 7328, [ 2 ] ], [ 7329, [ 2 ] ], 
  [ 7330, [ 2 ] ], [ 7331, [ 2 ] ], [ 7332, [ 2 ] ], [ 7333, [ 2 ] ], 
  [ 7334, [ 2 ] ], [ 7335, [ 2 ] ], [ 7336, [ 2 ] ], [ 7337, [ 2 ] ], 
  [ 7338, [ 2 ] ], [ 7339, [ 2 ] ], [ 7340, [ 2 ] ], [ 7341, [ 2 ] ], 
  [ 7342, [ 2 ] ], [ 7343, [ 2 ] ], [ 7344, [ 2 ] ], [ 7609, [ 2, 2 ] ], 
  [ 7610, [ 2, 2 ] ], [ 7611, [ 2, 2 ] ], [ 7612, [ 2, 2 ] ], 
  [ 7613, [ 2, 2 ] ], [ 7614, [ 2, 2 ] ], [ 7615, [ 2, 2 ] ], 
  [ 7616, [ 2, 2 ] ], [ 7617, [ 2, 2 ] ], [ 7618, [ 2, 2 ] ], 
  [ 7619, [ 2, 2 ] ], [ 7620, [ 2, 2 ] ], [ 7621, [ 2, 2 ] ], 
  [ 7622, [ 2, 2 ] ], [ 7623, [ 2, 2 ] ], [ 7624, [ 2, 2 ] ], 
  [ 7625, [ 2, 2 ] ], [ 7626, [ 2, 2 ] ], [ 7627, [ 2, 2 ] ], 
  [ 7628, [ 2, 2 ] ], [ 7629, [ 2, 2 ] ], [ 7630, [ 2, 2 ] ], 
  [ 7631, [ 2, 2 ] ], [ 7632, [ 2, 2 ] ], [ 7633, [ 2, 2 ] ], 
  [ 7634, [ 2, 2 ] ], [ 7635, [ 2, 2 ] ], [ 7636, [ 2, 2 ] ], 
  [ 7637, [ 2, 2 ] ], [ 7638, [ 2, 2 ] ], [ 7639, [ 2, 2 ] ], 
  [ 7640, [ 2, 2 ] ], [ 7641, [ 2, 2 ] ], [ 7642, [ 2, 2 ] ], 
  [ 7643, [ 2, 2 ] ], [ 7644, [ 2, 2 ] ], [ 7645, [ 2, 2 ] ], 
  [ 7646, [ 2, 2 ] ], [ 7647, [ 2, 2 ] ], [ 7648, [ 2, 2 ] ], 
  [ 7649, [ 2, 2 ] ], [ 7650, [ 2, 2 ] ], [ 7651, [ 2, 2 ] ], 
  [ 7652, [ 2, 2 ] ], [ 7653, [ 2, 2 ] ], [ 7654, [ 2, 2 ] ], 
  [ 7655, [ 2, 2 ] ], [ 7656, [ 2, 2 ] ], [ 7657, [ 2, 2 ] ], 
  [ 7658, [ 2, 2 ] ], [ 7659, [ 2, 2 ] ], [ 7660, [ 2, 2 ] ], 
  [ 7661, [ 2, 2 ] ], [ 7662, [ 2, 2 ] ], [ 7663, [ 2, 2 ] ], 
  [ 7664, [ 2, 2 ] ], [ 7665, [ 2, 2 ] ], [ 7666, [ 2, 2 ] ], [ 9237, [ 2 ] ],
  [ 9238, [ 2 ] ], [ 9239, [ 2 ] ], [ 9240, [ 2 ] ], [ 9241, [ 2 ] ], 
  [ 9242, [ 2 ] ], [ 9243, [ 2 ] ], [ 9244, [ 2 ] ], [ 9245, [ 2 ] ], 
  [ 9246, [ 2 ] ], [ 9247, [ 2 ] ], [ 9248, [ 2 ] ], [ 9249, [ 2 ] ], 
  [ 9250, [ 2 ] ], [ 9251, [ 2 ] ], [ 9252, [ 2 ] ], [ 9253, [ 2 ] ], 
  [ 9254, [ 2 ] ], [ 9255, [ 2 ] ], [ 9256, [ 2 ] ], [ 9257, [ 2 ] ], 
  [ 9258, [ 2 ] ], [ 9259, [ 2 ] ], [ 9260, [ 2 ] ], [ 9261, [ 2 ] ], 
  [ 9262, [ 2 ] ], [ 9263, [ 2 ] ], [ 9264, [ 2 ] ], [ 9265, [ 2 ] ], 
  [ 9266, [ 2 ] ], [ 9267, [ 2 ] ], [ 9268, [ 2 ] ], [ 9269, [ 2 ] ], 
  [ 9270, [ 2 ] ], [ 9271, [ 2 ] ], [ 9272, [ 2 ] ], [ 9273, [ 2 ] ], 
  [ 9274, [ 2 ] ], [ 9275, [ 2 ] ], [ 9276, [ 2 ] ], [ 9277, [ 2 ] ], 
  [ 9278, [ 2 ] ], [ 9279, [ 2 ] ], [ 9280, [ 2 ] ], [ 9281, [ 2 ] ], 
  [ 9282, [ 2 ] ], [ 9283, [ 2 ] ], [ 9284, [ 2 ] ], [ 9285, [ 2 ] ], 
  [ 9286, [ 2 ] ], [ 9287, [ 2 ] ], [ 9288, [ 2 ] ], [ 9289, [ 2 ] ], 
  [ 9290, [ 2 ] ], [ 9291, [ 2 ] ], [ 9292, [ 2 ] ], [ 9293, [ 2 ] ], 
  [ 9294, [ 2 ] ], [ 9295, [ 2 ] ], [ 9296, [ 2 ] ], [ 9297, [ 2 ] ], 
  [ 9298, [ 2 ] ], [ 9299, [ 2 ] ], [ 9300, [ 2 ] ], [ 9301, [ 2 ] ], 
  [ 9302, [ 2 ] ], [ 9303, [ 2 ] ], [ 9304, [ 2 ] ], [ 9305, [ 2 ] ], 
  [ 9306, [ 2 ] ], [ 9307, [ 2 ] ], [ 9308, [ 2 ] ], [ 9309, [ 2 ] ], 
  [ 9310, [ 2 ] ], [ 9311, [ 2 ] ], [ 9312, [ 2 ] ], [ 9313, [ 2 ] ], 
  [ 9314, [ 2 ] ], [ 9315, [ 2 ] ], [ 9316, [ 2 ] ], [ 9317, [ 2 ] ], 
  [ 9318, [ 2 ] ], [ 9319, [ 2 ] ], [ 9320, [ 2 ] ], [ 9321, [ 2 ] ], 
  [ 9322, [ 2 ] ], [ 9323, [ 2 ] ], [ 9324, [ 2 ] ], [ 9325, [ 2 ] ], 
  [ 9326, [ 2 ] ], [ 9327, [ 2 ] ], [ 9328, [ 2 ] ], [ 9329, [ 2 ] ], 
  [ 9330, [ 2 ] ], [ 9331, [ 2 ] ], [ 9332, [ 2 ] ], [ 9333, [ 2 ] ], 
  [ 9334, [ 2 ] ], [ 9335, [ 2 ] ], [ 9336, [ 2 ] ], [ 9337, [ 2 ] ], 
  [ 9338, [ 2 ] ], [ 9339, [ 2 ] ], [ 9340, [ 2 ] ], [ 9341, [ 2 ] ], 
  [ 9342, [ 2 ] ], [ 9343, [ 2 ] ], [ 9344, [ 2 ] ], [ 9345, [ 2 ] ], 
  [ 9346, [ 2 ] ], [ 9347, [ 2 ] ], [ 9348, [ 2 ] ], [ 9349, [ 2 ] ], 
  [ 9350, [ 2 ] ], [ 9351, [ 2 ] ], [ 9352, [ 2 ] ], [ 9353, [ 2 ] ], 
  [ 9354, [ 2 ] ], [ 9355, [ 2 ] ], [ 9356, [ 2 ] ], [ 9357, [ 2 ] ], 
  [ 9358, [ 2 ] ], [ 9359, [ 2 ] ], [ 9360, [ 2 ] ], [ 9361, [ 2 ] ], 
  [ 9362, [ 2 ] ], [ 9363, [ 2 ] ], [ 9364, [ 2 ] ], [ 9365, [ 2 ] ], 
  [ 9366, [ 2 ] ], [ 9367, [ 2 ] ], [ 9368, [ 2 ] ], [ 9369, [ 2 ] ], 
  [ 9370, [ 2 ] ], [ 9371, [ 2 ] ], [ 9372, [ 2 ] ], [ 9373, [ 2 ] ], 
  [ 9374, [ 2 ] ], [ 9375, [ 2 ] ], [ 9376, [ 2 ] ], [ 9377, [ 2 ] ], 
  [ 9378, [ 2 ] ], [ 9379, [ 2 ] ], [ 9380, [ 2 ] ], [ 9381, [ 2 ] ], 
  [ 9382, [ 2 ] ], [ 9383, [ 2 ] ], [ 9384, [ 2 ] ], [ 9385, [ 2 ] ], 
  [ 9386, [ 2 ] ], [ 9387, [ 2 ] ], [ 9388, [ 2 ] ], [ 9389, [ 2 ] ], 
  [ 9390, [ 2 ] ], [ 9391, [ 2 ] ], [ 9392, [ 2 ] ], [ 9393, [ 2 ] ], 
  [ 9394, [ 2 ] ], [ 9395, [ 2 ] ], [ 9396, [ 2 ] ], [ 9397, [ 2 ] ], 
  [ 9398, [ 2 ] ], [ 9399, [ 2 ] ], [ 9400, [ 2 ] ], [ 9401, [ 2 ] ], 
  [ 9402, [ 2 ] ], [ 9403, [ 2 ] ], [ 9404, [ 2 ] ], [ 9405, [ 2 ] ], 
  [ 9406, [ 2 ] ], [ 9407, [ 2 ] ], [ 9408, [ 2 ] ], [ 9409, [ 2 ] ], 
  [ 9410, [ 2 ] ], [ 9411, [ 2 ] ], [ 9412, [ 2 ] ], [ 9413, [ 2 ] ], 
  [ 9414, [ 2 ] ], [ 9415, [ 2 ] ], [ 9416, [ 2 ] ], [ 9417, [ 2 ] ], 
  [ 9418, [ 2 ] ], [ 9419, [ 2 ] ], [ 9420, [ 2 ] ], [ 9421, [ 2 ] ], 
  [ 9422, [ 2 ] ], [ 9423, [ 2 ] ], [ 9424, [ 2 ] ], [ 9425, [ 2 ] ], 
  [ 9426, [ 2 ] ], [ 9427, [ 2 ] ], [ 9428, [ 2 ] ], [ 9429, [ 2 ] ], 
  [ 9430, [ 2 ] ], [ 9431, [ 2 ] ], [ 9432, [ 2 ] ], [ 9433, [ 2 ] ], 
  [ 9434, [ 2 ] ], [ 9435, [ 2 ] ], [ 9436, [ 2 ] ], [ 9437, [ 2 ] ], 
  [ 9438, [ 2 ] ], [ 9439, [ 2 ] ], [ 9440, [ 2 ] ], [ 9441, [ 2 ] ], 
  [ 9442, [ 2 ] ], [ 9443, [ 2 ] ], [ 9444, [ 2 ] ], [ 9445, [ 2 ] ], 
  [ 9446, [ 2 ] ], [ 9447, [ 2 ] ], [ 9448, [ 2 ] ], [ 9449, [ 2 ] ], 
  [ 9450, [ 2 ] ], [ 9451, [ 2 ] ], [ 9452, [ 2 ] ], [ 9453, [ 2 ] ], 
  [ 9454, [ 2 ] ], [ 9455, [ 2 ] ], [ 9456, [ 2 ] ], [ 9457, [ 2 ] ], 
  [ 9458, [ 2 ] ], [ 9459, [ 2 ] ], [ 9460, [ 2 ] ], [ 9461, [ 2 ] ], 
  [ 9462, [ 2 ] ], [ 9463, [ 2 ] ], [ 9464, [ 2 ] ], [ 9465, [ 2 ] ], 
  [ 9466, [ 2 ] ], [ 9467, [ 2 ] ], [ 9468, [ 2 ] ], [ 9469, [ 2 ] ], 
  [ 9470, [ 2 ] ], [ 9471, [ 2 ] ], [ 9472, [ 2 ] ], [ 9473, [ 2 ] ], 
  [ 9474, [ 2 ] ], [ 9475, [ 2 ] ], [ 9476, [ 2 ] ], [ 9477, [ 2 ] ], 
  [ 9478, [ 2 ] ], [ 9479, [ 2 ] ], [ 9480, [ 2 ] ], [ 9481, [ 2 ] ], 
  [ 9482, [ 2 ] ], [ 9483, [ 2 ] ], [ 9484, [ 2 ] ], [ 9485, [ 2 ] ], 
  [ 9486, [ 2 ] ], [ 9487, [ 2 ] ], [ 9488, [ 2 ] ], [ 9489, [ 2 ] ], 
  [ 9490, [ 2 ] ], [ 9491, [ 2 ] ], [ 9492, [ 2 ] ], [ 9493, [ 2 ] ], 
  [ 9494, [ 2 ] ], [ 9495, [ 2 ] ], [ 9496, [ 2 ] ], [ 9497, [ 2 ] ], 
  [ 9498, [ 2 ] ], [ 9499, [ 2 ] ], [ 9500, [ 2 ] ], [ 9501, [ 2 ] ], 
  [ 9502, [ 2 ] ], [ 9503, [ 2 ] ], [ 9504, [ 2 ] ], [ 9505, [ 2 ] ], 
  [ 9506, [ 2 ] ], [ 9507, [ 2 ] ], [ 9508, [ 2 ] ], [ 9509, [ 2 ] ], 
  [ 9510, [ 2 ] ], [ 9511, [ 2 ] ], [ 9512, [ 2 ] ], [ 9513, [ 2 ] ], 
  [ 9514, [ 2 ] ], [ 9515, [ 2 ] ], [ 9516, [ 2 ] ], [ 9517, [ 2 ] ], 
  [ 9518, [ 2 ] ], [ 9519, [ 2 ] ], [ 9520, [ 2 ] ], [ 9521, [ 2 ] ], 
  [ 9522, [ 2 ] ], [ 9523, [ 2 ] ], [ 9524, [ 2 ] ], [ 9525, [ 2 ] ], 
  [ 9526, [ 2 ] ], [ 9527, [ 2 ] ], [ 9528, [ 2 ] ], [ 9529, [ 2 ] ], 
  [ 9530, [ 2 ] ], [ 9531, [ 2 ] ], [ 9532, [ 2 ] ], [ 9533, [ 2 ] ], 
  [ 9534, [ 2 ] ], [ 9535, [ 2 ] ], [ 9536, [ 2 ] ], [ 9537, [ 2 ] ], 
  [ 9538, [ 2 ] ], [ 9539, [ 2 ] ], [ 9540, [ 2 ] ], [ 9541, [ 2 ] ], 
  [ 9542, [ 2 ] ], [ 9543, [ 2 ] ], [ 9544, [ 2 ] ], [ 9545, [ 2 ] ], 
  [ 9546, [ 2 ] ], [ 9547, [ 2 ] ], [ 9548, [ 2 ] ], [ 9549, [ 2 ] ], 
  [ 9550, [ 2 ] ], [ 9551, [ 2 ] ], [ 9552, [ 2 ] ], [ 9553, [ 2 ] ], 
  [ 9554, [ 2 ] ], [ 9555, [ 2 ] ], [ 9556, [ 2 ] ], [ 9557, [ 2 ] ], 
  [ 9558, [ 2 ] ], [ 9559, [ 2 ] ], [ 9560, [ 2 ] ], [ 9561, [ 2 ] ], 
  [ 9562, [ 2 ] ], [ 9563, [ 2 ] ], [ 9564, [ 2 ] ], [ 9565, [ 2 ] ], 
  [ 9566, [ 2 ] ], [ 9567, [ 2 ] ], [ 9568, [ 2 ] ], [ 9569, [ 2 ] ], 
  [ 9570, [ 2 ] ], [ 9571, [ 2 ] ], [ 9572, [ 2 ] ], [ 9573, [ 2 ] ], 
  [ 9574, [ 2 ] ], [ 9575, [ 2 ] ], [ 9576, [ 2 ] ], [ 9577, [ 2 ] ], 
  [ 9578, [ 2 ] ], [ 9579, [ 2 ] ], [ 9580, [ 2 ] ], [ 9581, [ 2 ] ], 
  [ 9582, [ 2 ] ], [ 9583, [ 2 ] ], [ 9584, [ 2 ] ], [ 9585, [ 2 ] ], 
  [ 9586, [ 2 ] ], [ 9587, [ 2 ] ], [ 9588, [ 2 ] ], [ 9589, [ 2 ] ], 
  [ 9590, [ 2 ] ], [ 9591, [ 2 ] ], [ 9592, [ 2 ] ], [ 9593, [ 2 ] ], 
  [ 9594, [ 2 ] ], [ 9595, [ 2 ] ], [ 9596, [ 2 ] ], [ 9597, [ 2 ] ], 
  [ 9598, [ 2 ] ], [ 9599, [ 2 ] ], [ 9600, [ 2 ] ], [ 9601, [ 2 ] ], 
  [ 9602, [ 2 ] ], [ 9603, [ 2 ] ], [ 9604, [ 2 ] ], [ 9605, [ 2 ] ], 
  [ 9606, [ 2 ] ], [ 9607, [ 2 ] ], [ 9608, [ 2 ] ], [ 9609, [ 2 ] ], 
  [ 9610, [ 2 ] ], [ 9611, [ 2 ] ], [ 9612, [ 2 ] ], [ 9613, [ 2 ] ], 
  [ 9614, [ 2 ] ], [ 9615, [ 2 ] ], [ 9616, [ 2 ] ], [ 9617, [ 2 ] ], 
  [ 9618, [ 2 ] ], [ 9619, [ 2 ] ], [ 9620, [ 2 ] ], [ 9621, [ 2 ] ], 
  [ 9622, [ 2 ] ], [ 9623, [ 2 ] ], [ 9624, [ 2 ] ], [ 9625, [ 2 ] ], 
  [ 9626, [ 2 ] ], [ 9627, [ 2 ] ], [ 9628, [ 2 ] ], [ 9629, [ 2 ] ], 
  [ 9630, [ 2 ] ], [ 9631, [ 2 ] ], [ 9632, [ 2 ] ], [ 9633, [ 2 ] ], 
  [ 9634, [ 2 ] ], [ 9635, [ 2 ] ], [ 9636, [ 2 ] ], [ 9637, [ 2 ] ], 
  [ 9638, [ 2 ] ], [ 9639, [ 2 ] ], [ 9640, [ 2 ] ], [ 9641, [ 2 ] ], 
  [ 9642, [ 2 ] ], [ 9643, [ 2 ] ], [ 9644, [ 2 ] ], [ 9645, [ 2 ] ], 
  [ 9646, [ 2 ] ], [ 9647, [ 2 ] ], [ 9648, [ 2 ] ], [ 9649, [ 2 ] ], 
  [ 9650, [ 2 ] ], [ 9651, [ 2 ] ], [ 9652, [ 2 ] ], [ 9653, [ 2 ] ], 
  [ 9654, [ 2 ] ], [ 9655, [ 2 ] ], [ 9656, [ 2 ] ], [ 9657, [ 2 ] ], 
  [ 9658, [ 2 ] ], [ 9659, [ 2 ] ], [ 9660, [ 2 ] ], [ 9661, [ 2 ] ], 
  [ 9662, [ 2 ] ], [ 9663, [ 2 ] ], [ 9664, [ 2 ] ], [ 9665, [ 2 ] ], 
  [ 9666, [ 2 ] ], [ 9667, [ 2 ] ], [ 9668, [ 2 ] ], [ 9669, [ 2 ] ], 
  [ 9670, [ 2 ] ], [ 9671, [ 2 ] ], [ 9672, [ 2 ] ], [ 9673, [ 2 ] ], 
  [ 9674, [ 2 ] ], [ 9675, [ 2 ] ], [ 9676, [ 2 ] ], [ 9677, [ 2 ] ], 
  [ 9678, [ 2 ] ], [ 9679, [ 2 ] ], [ 9680, [ 2 ] ], [ 9681, [ 2 ] ], 
  [ 9682, [ 2 ] ], [ 9683, [ 2 ] ], [ 9684, [ 2 ] ], [ 9685, [ 2 ] ], 
  [ 9686, [ 2 ] ], [ 9687, [ 2 ] ], [ 9688, [ 2 ] ], [ 9689, [ 2 ] ], 
  [ 9690, [ 2 ] ], [ 9691, [ 2 ] ], [ 9692, [ 2 ] ], [ 9693, [ 2 ] ], 
  [ 9694, [ 2 ] ], [ 9695, [ 2 ] ], [ 9696, [ 2 ] ], [ 9697, [ 2 ] ], 
  [ 9698, [ 2 ] ], [ 9699, [ 2 ] ], [ 9700, [ 2 ] ], [ 9701, [ 2 ] ], 
  [ 9702, [ 2 ] ], [ 9703, [ 2 ] ], [ 9704, [ 2 ] ], [ 9705, [ 2 ] ], 
  [ 9706, [ 2 ] ], [ 9707, [ 2 ] ], [ 9708, [ 2 ] ], [ 9709, [ 2 ] ], 
  [ 9710, [ 2 ] ], [ 9711, [ 2 ] ], [ 9712, [ 2 ] ], [ 9713, [ 2 ] ], 
  [ 9714, [ 2 ] ], [ 9715, [ 2 ] ], [ 9716, [ 2 ] ], [ 9717, [ 2 ] ], 
  [ 9718, [ 2 ] ], [ 9719, [ 2 ] ], [ 9720, [ 2 ] ], [ 9721, [ 2 ] ], 
  [ 9722, [ 2 ] ], [ 9723, [ 2 ] ], [ 9724, [ 2 ] ], [ 9725, [ 2 ] ], 
  [ 9726, [ 2 ] ], [ 9727, [ 2 ] ], [ 9728, [ 2 ] ], [ 9729, [ 2 ] ], 
  [ 9730, [ 2 ] ], [ 9731, [ 2 ] ], [ 9732, [ 2 ] ], [ 9733, [ 2 ] ], 
  [ 9734, [ 2 ] ], [ 9735, [ 2 ] ], [ 9736, [ 2 ] ], [ 9737, [ 2 ] ], 
  [ 9738, [ 2 ] ], [ 9739, [ 2 ] ], [ 9740, [ 2 ] ], [ 9741, [ 2 ] ], 
  [ 9742, [ 2 ] ], [ 9743, [ 2 ] ], [ 9744, [ 2 ] ], [ 9745, [ 2 ] ], 
  [ 9746, [ 2 ] ], [ 9747, [ 2 ] ], [ 9748, [ 2 ] ], [ 9749, [ 2 ] ], 
  [ 9750, [ 2 ] ], [ 9751, [ 2 ] ], [ 9752, [ 2 ] ], [ 9753, [ 2 ] ], 
  [ 9754, [ 2 ] ], [ 9755, [ 2 ] ], [ 9756, [ 2 ] ], [ 9757, [ 2 ] ], 
  [ 9758, [ 2 ] ], [ 9759, [ 2 ] ], [ 9760, [ 2 ] ], [ 9761, [ 2 ] ], 
  [ 9762, [ 2 ] ], [ 9763, [ 2 ] ], [ 9764, [ 2 ] ], [ 9765, [ 2 ] ], 
  [ 9766, [ 2 ] ], [ 9767, [ 2 ] ], [ 9768, [ 2 ] ], [ 9769, [ 2 ] ], 
  [ 9770, [ 2 ] ], [ 9771, [ 2 ] ], [ 9772, [ 2 ] ], [ 9773, [ 2 ] ], 
  [ 9774, [ 2 ] ], [ 9775, [ 2 ] ], [ 9776, [ 2 ] ], [ 9777, [ 2 ] ], 
  [ 9778, [ 2 ] ], [ 9779, [ 2 ] ], [ 9780, [ 2 ] ], [ 9781, [ 2 ] ], 
  [ 9782, [ 2 ] ], [ 9783, [ 2 ] ], [ 9784, [ 2 ] ], [ 9785, [ 2 ] ], 
  [ 9786, [ 2 ] ], [ 9787, [ 2 ] ], [ 9788, [ 2 ] ], [ 9789, [ 2 ] ], 
  [ 9790, [ 2 ] ], [ 9791, [ 2 ] ], [ 9792, [ 2 ] ], [ 9793, [ 2 ] ], 
  [ 9794, [ 2 ] ], [ 9795, [ 2 ] ], [ 9796, [ 2 ] ], [ 9797, [ 2 ] ], 
  [ 9798, [ 2 ] ], [ 9799, [ 2 ] ], [ 9800, [ 2 ] ], [ 9801, [ 2 ] ], 
  [ 9802, [ 2 ] ], [ 9803, [ 2 ] ], [ 9804, [ 2 ] ], [ 9805, [ 2 ] ], 
  [ 9806, [ 2 ] ], [ 9807, [ 2 ] ], [ 9808, [ 2 ] ], [ 9809, [ 2 ] ], 
  [ 9810, [ 2 ] ], [ 9811, [ 2 ] ], [ 9812, [ 2 ] ], [ 9813, [ 2 ] ], 
  [ 9814, [ 2 ] ], [ 9815, [ 2 ] ], [ 9816, [ 2 ] ], [ 9817, [ 2 ] ], 
  [ 9818, [ 2 ] ], [ 9819, [ 2 ] ], [ 9820, [ 2 ] ], [ 9821, [ 2 ] ], 
  [ 9822, [ 2 ] ], [ 9823, [ 2 ] ], [ 9824, [ 2 ] ], [ 9825, [ 2 ] ], 
  [ 9826, [ 2 ] ], [ 9827, [ 2 ] ], [ 9828, [ 2 ] ], [ 9829, [ 2 ] ], 
  [ 9830, [ 2 ] ], [ 9831, [ 2 ] ], [ 9832, [ 2 ] ], [ 9833, [ 2 ] ], 
  [ 9834, [ 2 ] ], [ 9835, [ 2 ] ], [ 9836, [ 2 ] ], [ 9837, [ 2 ] ], 
  [ 9838, [ 2 ] ], [ 9839, [ 2 ] ], [ 9840, [ 2 ] ], [ 9841, [ 2 ] ], 
  [ 9842, [ 2 ] ], [ 9843, [ 2 ] ], [ 9844, [ 2 ] ], [ 9845, [ 2 ] ], 
  [ 9846, [ 2 ] ], [ 9847, [ 2 ] ], [ 9848, [ 2 ] ], [ 9849, [ 2 ] ], 
  [ 9850, [ 2 ] ], [ 9851, [ 2 ] ], [ 9852, [ 2 ] ], [ 9853, [ 2 ] ], 
  [ 9854, [ 2 ] ], [ 9855, [ 2 ] ], [ 9856, [ 2 ] ], [ 9857, [ 2 ] ], 
  [ 9858, [ 2 ] ], [ 9859, [ 2 ] ], [ 9860, [ 2 ] ], [ 9861, [ 2 ] ], 
  [ 9862, [ 2 ] ], [ 9863, [ 2 ] ], [ 9864, [ 2 ] ], [ 9865, [ 2 ] ], 
  [ 9866, [ 2 ] ], [ 9867, [ 2 ] ], [ 9868, [ 2 ] ], [ 9869, [ 2 ] ], 
  [ 9870, [ 2 ] ], [ 9871, [ 2 ] ], [ 9872, [ 2 ] ], [ 9873, [ 2 ] ], 
  [ 9874, [ 2 ] ], [ 9875, [ 2 ] ], [ 9876, [ 2 ] ], [ 9877, [ 2 ] ], 
  [ 9878, [ 2 ] ], [ 9879, [ 2 ] ], [ 9880, [ 2 ] ], [ 9881, [ 2 ] ], 
  [ 9882, [ 2 ] ], [ 9883, [ 2 ] ], [ 9884, [ 2 ] ], [ 9885, [ 2 ] ], 
  [ 9886, [ 2 ] ], [ 9887, [ 2 ] ], [ 9888, [ 2 ] ], [ 9889, [ 2 ] ], 
  [ 9890, [ 2 ] ], [ 9891, [ 2 ] ], [ 9892, [ 2 ] ], [ 9893, [ 2 ] ], 
  [ 9894, [ 2 ] ], [ 9895, [ 2 ] ], [ 9896, [ 2 ] ], [ 9897, [ 2 ] ], 
  [ 9898, [ 2 ] ], [ 9899, [ 2 ] ], [ 9900, [ 2 ] ], [ 9901, [ 2 ] ], 
  [ 9902, [ 2 ] ], [ 9903, [ 2 ] ], [ 9904, [ 2 ] ], [ 9905, [ 2 ] ], 
  [ 9906, [ 2 ] ], [ 9907, [ 2 ] ], [ 9908, [ 2 ] ], [ 9909, [ 2 ] ], 
  [ 9910, [ 2 ] ], [ 9911, [ 2 ] ], [ 9912, [ 2 ] ], [ 9913, [ 2 ] ], 
  [ 9914, [ 2 ] ], [ 9915, [ 2 ] ], [ 9916, [ 2 ] ], [ 9917, [ 2 ] ], 
  [ 9918, [ 2 ] ], [ 9919, [ 2 ] ], [ 9920, [ 2 ] ], [ 9921, [ 2 ] ], 
  [ 9922, [ 2 ] ], [ 9923, [ 2 ] ], [ 9924, [ 2 ] ], [ 9925, [ 2 ] ], 
  [ 9926, [ 2 ] ], [ 9927, [ 2 ] ], [ 9928, [ 2 ] ], [ 9929, [ 2 ] ], 
  [ 9930, [ 2 ] ], [ 9931, [ 2 ] ], [ 9932, [ 2 ] ], [ 9933, [ 2 ] ], 
  [ 9934, [ 2 ] ], [ 9935, [ 2 ] ], [ 9936, [ 2 ] ], [ 9937, [ 2 ] ], 
  [ 9938, [ 2 ] ], [ 9939, [ 2 ] ], [ 9940, [ 2 ] ], [ 9941, [ 2 ] ], 
  [ 9942, [ 2 ] ], [ 9943, [ 2 ] ], [ 9944, [ 2 ] ], [ 9945, [ 2 ] ], 
  [ 9946, [ 2 ] ], [ 9947, [ 2 ] ], [ 9948, [ 2 ] ], [ 9949, [ 2 ] ], 
  [ 9950, [ 2 ] ], [ 9951, [ 2 ] ], [ 9952, [ 2 ] ], [ 9953, [ 2 ] ], 
  [ 9954, [ 2 ] ], [ 9955, [ 2 ] ], [ 9956, [ 2 ] ], [ 9957, [ 2 ] ], 
  [ 9958, [ 2 ] ], [ 9959, [ 2 ] ], [ 9960, [ 2 ] ], [ 9961, [ 2 ] ], 
  [ 9962, [ 2 ] ], [ 9963, [ 2 ] ], [ 9964, [ 2 ] ], [ 9965, [ 2 ] ], 
  [ 9966, [ 2 ] ], [ 9967, [ 2 ] ], [ 9968, [ 2 ] ], [ 9969, [ 2 ] ], 
  [ 9970, [ 2 ] ], [ 9971, [ 2 ] ], [ 9972, [ 2 ] ], [ 9973, [ 2 ] ], 
  [ 9974, [ 2 ] ], [ 9975, [ 2 ] ], [ 9976, [ 2 ] ], [ 9977, [ 2 ] ], 
  [ 9978, [ 2 ] ], [ 9979, [ 2 ] ], [ 9980, [ 2 ] ], [ 9981, [ 2 ] ], 
  [ 9982, [ 2 ] ], [ 9983, [ 2 ] ], [ 9984, [ 2 ] ], [ 9985, [ 2 ] ], 
  [ 9986, [ 2 ] ], [ 9987, [ 2 ] ], [ 9988, [ 2 ] ], [ 9989, [ 2 ] ], 
  [ 9990, [ 2 ] ], [ 9991, [ 2 ] ], [ 9992, [ 2 ] ], [ 9993, [ 2 ] ], 
  [ 9994, [ 2 ] ], [ 9995, [ 2 ] ], [ 9996, [ 2 ] ], [ 9997, [ 2 ] ], 
  [ 9998, [ 2 ] ], [ 9999, [ 2 ] ], [ 10000, [ 2 ] ], [ 10001, [ 2 ] ], 
  [ 10002, [ 2 ] ], [ 10003, [ 2 ] ], [ 10004, [ 2 ] ], [ 10005, [ 2 ] ], 
  [ 10006, [ 2 ] ], [ 10007, [ 2 ] ], [ 10008, [ 2 ] ], [ 10009, [ 2 ] ], 
  [ 10010, [ 2 ] ], [ 10011, [ 2 ] ], [ 10012, [ 2 ] ], [ 10013, [ 2 ] ], 
  [ 10014, [ 2 ] ], [ 10015, [ 2 ] ], [ 10016, [ 2 ] ], [ 10017, [ 2 ] ], 
  [ 10018, [ 2 ] ], [ 10019, [ 2 ] ], [ 10020, [ 2 ] ], [ 10021, [ 2 ] ], 
  [ 10022, [ 2 ] ], [ 10023, [ 2 ] ], [ 10024, [ 2 ] ], [ 10025, [ 2 ] ], 
  [ 10026, [ 2 ] ], [ 10027, [ 2 ] ], [ 10028, [ 2 ] ], [ 10029, [ 2 ] ], 
  [ 10030, [ 2 ] ], [ 10031, [ 2 ] ], [ 10032, [ 2 ] ], [ 10033, [ 2 ] ], 
  [ 10034, [ 2 ] ], [ 10035, [ 2 ] ], [ 10036, [ 2 ] ], [ 10037, [ 2 ] ], 
  [ 10038, [ 2 ] ], [ 10039, [ 2 ] ], [ 10040, [ 2 ] ], [ 10041, [ 2 ] ], 
  [ 10042, [ 2 ] ], [ 10043, [ 2 ] ], [ 10044, [ 2 ] ], [ 10045, [ 2 ] ], 
  [ 10046, [ 2 ] ], [ 10047, [ 2 ] ], [ 10048, [ 2 ] ], [ 10049, [ 2 ] ], 
  [ 10050, [ 2 ] ], [ 10051, [ 2 ] ], [ 10052, [ 2 ] ], [ 10053, [ 2 ] ], 
  [ 10054, [ 2 ] ], [ 10055, [ 2 ] ], [ 10056, [ 2 ] ], [ 10057, [ 2 ] ], 
  [ 10058, [ 2 ] ], [ 10059, [ 2 ] ], [ 10060, [ 2 ] ], [ 10061, [ 2 ] ], 
  [ 10062, [ 2 ] ], [ 10063, [ 2 ] ], [ 10064, [ 2 ] ], [ 10065, [ 2 ] ], 
  [ 10066, [ 2 ] ], [ 10067, [ 2 ] ], [ 10068, [ 2 ] ], [ 10069, [ 2 ] ], 
  [ 10070, [ 2, 2 ] ], [ 10071, [ 2, 2 ] ], [ 10072, [ 2, 2 ] ], 
  [ 10073, [ 2, 2 ] ], [ 10074, [ 2, 2 ] ], [ 10075, [ 2, 2 ] ], 
  [ 10076, [ 2, 2 ] ], [ 10077, [ 2, 2 ] ], [ 10078, [ 2, 2 ] ], 
  [ 10079, [ 2, 2 ] ], [ 10080, [ 2, 2 ] ], [ 10081, [ 2, 2 ] ], 
  [ 10082, [ 2, 2 ] ], [ 10083, [ 2, 2 ] ], [ 10084, [ 2, 2 ] ], 
  [ 10085, [ 2, 2 ] ], [ 10086, [ 2, 2 ] ], [ 10087, [ 2, 2 ] ], 
  [ 10088, [ 2, 2 ] ], [ 10089, [ 2, 2 ] ], [ 10090, [ 2, 2 ] ], 
  [ 10091, [ 2, 2 ] ], [ 10092, [ 2, 2 ] ], [ 10093, [ 2, 2 ] ], 
  [ 10094, [ 2, 2 ] ], [ 10095, [ 2, 2 ] ], [ 10096, [ 2, 2 ] ], 
  [ 10097, [ 2, 2 ] ], [ 10098, [ 2, 2 ] ], [ 10099, [ 2, 2 ] ], 
  [ 10100, [ 2, 2 ] ], [ 10101, [ 2, 2 ] ], [ 10102, [ 2, 2 ] ], 
  [ 10103, [ 2, 2 ] ], [ 10104, [ 2, 2 ] ], [ 10105, [ 2, 2 ] ], 
  [ 10106, [ 2, 2 ] ], [ 10107, [ 2, 2 ] ], [ 10108, [ 2, 2 ] ], 
  [ 10109, [ 2, 2 ] ], [ 10110, [ 2, 2 ] ], [ 10111, [ 2, 2 ] ], 
  [ 10112, [ 2, 2 ] ], [ 10113, [ 2, 2 ] ], [ 10114, [ 2, 2 ] ], 
  [ 10115, [ 2, 2 ] ], [ 10116, [ 2, 2 ] ], [ 10117, [ 2, 2 ] ], 
  [ 10118, [ 2, 2 ] ], [ 10119, [ 2, 2 ] ], [ 10120, [ 2, 2 ] ], 
  [ 10121, [ 2, 2 ] ], [ 10122, [ 2, 2 ] ], [ 10123, [ 2, 2 ] ], 
  [ 10124, [ 2, 2 ] ], [ 10125, [ 2, 2 ] ], [ 10126, [ 2, 2 ] ], 
  [ 10127, [ 2, 2 ] ], [ 10128, [ 2, 2 ] ], [ 10129, [ 2, 2 ] ], 
  [ 10130, [ 2, 2 ] ], [ 10131, [ 2, 2 ] ], [ 10132, [ 2, 2 ] ], 
  [ 10133, [ 2, 2 ] ], [ 10134, [ 2, 2 ] ], [ 10135, [ 2, 2 ] ], 
  [ 10136, [ 2, 2 ] ], [ 10137, [ 2, 2 ] ], [ 10138, [ 2, 2 ] ], 
  [ 10139, [ 2, 2 ] ], [ 10140, [ 2, 2 ] ], [ 10141, [ 2, 2 ] ], 
  [ 10142, [ 2, 2 ] ], [ 10143, [ 2, 2 ] ], [ 10144, [ 2, 2 ] ], 
  [ 10145, [ 2, 2 ] ], [ 10146, [ 2, 2 ] ], [ 10147, [ 2, 2 ] ], 
  [ 10148, [ 2, 2 ] ], [ 10149, [ 2, 2 ] ], [ 10150, [ 2, 2 ] ], 
  [ 10151, [ 2, 2 ] ], [ 10152, [ 2, 2 ] ], [ 10153, [ 2, 2 ] ], 
  [ 10154, [ 2, 2 ] ], [ 10155, [ 2, 2 ] ], [ 10156, [ 2, 2 ] ], 
  [ 10157, [ 2, 2 ] ], [ 10158, [ 2, 2 ] ], [ 10159, [ 2, 2 ] ], 
  [ 10160, [ 2, 2 ] ], [ 10161, [ 2, 2 ] ], [ 10162, [ 2, 2 ] ], 
  [ 10163, [ 2, 2 ] ], [ 10164, [ 2, 2 ] ], [ 10165, [ 2, 2 ] ], 
  [ 10166, [ 2, 2 ] ], [ 10167, [ 2, 2 ] ], [ 10168, [ 2, 2 ] ], 
  [ 10169, [ 2, 2 ] ], [ 10170, [ 2, 2 ] ], [ 10171, [ 2, 2 ] ], 
  [ 10172, [ 2, 2 ] ], [ 10173, [ 2, 2 ] ], [ 10174, [ 2, 2 ] ], 
  [ 10175, [ 2, 2 ] ], [ 10176, [ 2, 2 ] ], [ 10177, [ 2, 2 ] ], 
  [ 10178, [ 2, 2 ] ], [ 10179, [ 2, 2 ] ], [ 10180, [ 2, 2 ] ], 
  [ 10181, [ 2, 2 ] ], [ 10182, [ 2, 2 ] ], [ 10183, [ 2, 2 ] ], 
  [ 10184, [ 2, 2 ] ], [ 10185, [ 2, 2 ] ], [ 10186, [ 2, 2 ] ], 
  [ 10187, [ 2, 2 ] ], [ 10188, [ 2, 2 ] ], [ 10189, [ 2, 2 ] ], 
  [ 10190, [ 2, 2 ] ], [ 10191, [ 2, 2 ] ], [ 10192, [ 2, 2 ] ], 
  [ 10193, [ 2, 2 ] ], [ 10194, [ 2, 2 ] ], [ 10195, [ 2, 2 ] ], 
  [ 10196, [ 2, 2 ] ], [ 10197, [ 2, 2 ] ], [ 10198, [ 2, 2 ] ], 
  [ 10199, [ 2, 2 ] ], [ 10200, [ 2, 2 ] ], [ 10201, [ 2, 2 ] ], 
  [ 10202, [ 2, 2 ] ], [ 10203, [ 2, 2 ] ], [ 10204, [ 2, 2 ] ], 
  [ 10205, [ 2, 2 ] ], [ 10206, [ 2, 2 ] ], [ 10207, [ 2, 2 ] ], 
  [ 10208, [ 2, 2 ] ], [ 10209, [ 2, 2 ] ], [ 10210, [ 2, 2 ] ], 
  [ 10211, [ 2, 2 ] ], [ 10212, [ 2, 2 ] ], [ 10213, [ 2, 2 ] ], 
  [ 10214, [ 2, 2 ] ], [ 10215, [ 2, 2 ] ], [ 10216, [ 2, 2 ] ], 
  [ 10217, [ 2, 2 ] ], [ 10218, [ 2, 2 ] ], [ 10219, [ 2, 2 ] ], 
  [ 10220, [ 2, 2 ] ], [ 10221, [ 2, 2 ] ], [ 10222, [ 2, 2 ] ], 
  [ 10223, [ 2, 2 ] ], [ 10224, [ 2, 2 ] ], [ 10225, [ 2, 2 ] ], 
  [ 10226, [ 2, 2 ] ], [ 10227, [ 2, 2 ] ], [ 10228, [ 2, 2 ] ], 
  [ 10229, [ 2, 2 ] ], [ 10230, [ 2, 2 ] ], [ 10231, [ 2, 2 ] ], 
  [ 10232, [ 2, 2 ] ], [ 10233, [ 2, 2 ] ], [ 10234, [ 2, 2 ] ], 
  [ 10235, [ 2, 2 ] ], [ 10236, [ 2, 2 ] ], [ 10237, [ 2, 2 ] ], 
  [ 10238, [ 2, 2 ] ], [ 10239, [ 2, 2 ] ], [ 10240, [ 2, 2 ] ], 
  [ 10241, [ 2, 2 ] ], [ 10242, [ 2, 2 ] ], [ 10243, [ 2, 2 ] ], 
  [ 10244, [ 2, 2 ] ], [ 10245, [ 2, 2 ] ], [ 10246, [ 2, 2 ] ], 
  [ 10247, [ 2, 2 ] ], [ 10248, [ 2, 2 ] ], [ 10249, [ 2, 2 ] ], 
  [ 10250, [ 2, 2 ] ], [ 10251, [ 2, 2 ] ], [ 10252, [ 2, 2 ] ], 
  [ 10253, [ 2, 2 ] ], [ 10254, [ 2, 2 ] ], [ 10255, [ 2, 2 ] ], 
  [ 10256, [ 2, 2 ] ], [ 10257, [ 2, 2 ] ], [ 10258, [ 2, 2 ] ], 
  [ 10259, [ 2, 2 ] ], [ 10260, [ 2, 2 ] ], [ 10261, [ 2, 2 ] ], 
  [ 10262, [ 2, 2 ] ], [ 10263, [ 2, 2 ] ], [ 10264, [ 2, 2 ] ], 
  [ 10265, [ 2, 2 ] ], [ 10266, [ 2, 2 ] ], [ 10267, [ 2, 2 ] ], 
  [ 10268, [ 2, 2 ] ], [ 10269, [ 2, 2 ] ], [ 10270, [ 2, 2 ] ], 
  [ 10271, [ 2, 2 ] ], [ 10272, [ 2, 2 ] ], [ 10273, [ 2, 2 ] ], 
  [ 10274, [ 2, 2 ] ], [ 10275, [ 2, 2 ] ], [ 10276, [ 2, 2 ] ], 
  [ 10277, [ 2, 2 ] ], [ 10278, [ 2, 2 ] ], [ 10279, [ 2, 2 ] ], 
  [ 10280, [ 2, 2 ] ], [ 10281, [ 2, 2 ] ], [ 10282, [ 2, 2 ] ], 
  [ 10283, [ 2, 2 ] ], [ 10284, [ 2, 2 ] ], [ 10285, [ 2, 2 ] ], 
  [ 10286, [ 2, 2 ] ], [ 10287, [ 2, 2 ] ], [ 10288, [ 2, 2 ] ], 
  [ 10289, [ 2, 2 ] ], [ 10290, [ 2, 2 ] ], [ 10291, [ 2, 2 ] ], 
  [ 10292, [ 2, 2 ] ], [ 10293, [ 2, 2 ] ], [ 10294, [ 2, 2 ] ], 
  [ 10295, [ 2, 2 ] ], [ 10296, [ 2, 2 ] ], [ 10297, [ 2, 2 ] ], 
  [ 10462, [ 2 ] ], [ 10463, [ 2 ] ], [ 10464, [ 2 ] ], [ 10465, [ 2 ] ], 
  [ 10478, [ 2 ] ], [ 10479, [ 2 ] ], [ 10480, [ 2 ] ], [ 10481, [ 2 ] ], 
  [ 10482, [ 2 ] ], [ 10483, [ 2 ] ], [ 10484, [ 2 ] ], [ 10485, [ 2 ] ], 
  [ 10486, [ 2 ] ], [ 10487, [ 2 ] ], [ 10539, [ 2 ] ], [ 10540, [ 2 ] ], 
  [ 10541, [ 2 ] ], [ 10542, [ 2 ] ], [ 10543, [ 2 ] ], [ 10544, [ 2 ] ], 
  [ 10545, [ 2 ] ], [ 10546, [ 2 ] ], [ 10547, [ 2 ] ], [ 10548, [ 2 ] ], 
  [ 10549, [ 2 ] ], [ 10550, [ 2 ] ], [ 10551, [ 2 ] ], [ 10644, [ 2 ] ], 
  [ 10645, [ 2 ] ], [ 10646, [ 2 ] ], [ 10647, [ 2 ] ], [ 10648, [ 2 ] ], 
  [ 10649, [ 2 ] ], [ 10650, [ 2 ] ], [ 10651, [ 2 ] ], [ 10652, [ 2 ] ], 
  [ 10653, [ 2 ] ], [ 10716, [ 2 ] ], [ 10717, [ 2 ] ], [ 10718, [ 2 ] ], 
  [ 10719, [ 2 ] ], [ 10720, [ 2 ] ], [ 10721, [ 2 ] ], [ 10722, [ 2 ] ], 
  [ 10723, [ 2 ] ], [ 10724, [ 2 ] ], [ 10725, [ 2 ] ], [ 10726, [ 2 ] ], 
  [ 10727, [ 2 ] ], [ 10728, [ 2 ] ], [ 10782, [ 2 ] ], [ 10783, [ 2 ] ], 
  [ 10808, [ 2 ] ], [ 10809, [ 2 ] ], [ 10810, [ 2 ] ], [ 10811, [ 2 ] ], 
  [ 10875, [ 2 ] ], [ 10876, [ 2 ] ], [ 10877, [ 2 ] ], [ 10878, [ 2 ] ], 
  [ 10921, [ 2 ] ], [ 10922, [ 2 ] ], [ 10923, [ 2 ] ], [ 10924, [ 2 ] ], 
  [ 10925, [ 2 ] ], [ 10926, [ 2 ] ], [ 10927, [ 2 ] ], [ 10928, [ 2 ] ], 
  [ 10929, [ 2 ] ], [ 10952, [ 2 ] ], [ 10953, [ 2 ] ], [ 10971, [ 2 ] ], 
  [ 10972, [ 2 ] ], [ 10973, [ 2 ] ], [ 10974, [ 2 ] ], [ 11334, [ 2 ] ], 
  [ 11335, [ 2 ] ], [ 11336, [ 2 ] ], [ 11337, [ 2 ] ], [ 11338, [ 2 ] ], 
  [ 11339, [ 2 ] ], [ 11340, [ 2 ] ], [ 11341, [ 2 ] ], [ 11342, [ 2 ] ], 
  [ 11343, [ 2 ] ], [ 11344, [ 2 ] ], [ 11345, [ 2 ] ], [ 11346, [ 2 ] ], 
  [ 11347, [ 2 ] ], [ 11348, [ 2 ] ], [ 11349, [ 2 ] ], [ 11350, [ 2 ] ], 
  [ 11351, [ 2 ] ], [ 11352, [ 2 ] ], [ 11353, [ 2 ] ], [ 11354, [ 2 ] ], 
  [ 11355, [ 2 ] ], [ 11356, [ 2 ] ], [ 11357, [ 2 ] ], [ 11358, [ 2 ] ], 
  [ 11359, [ 2 ] ], [ 11360, [ 2 ] ], [ 11361, [ 2 ] ], [ 11362, [ 2 ] ], 
  [ 11363, [ 2 ] ], [ 12118, [ 2 ] ], [ 12119, [ 2 ] ], [ 12120, [ 2 ] ], 
  [ 12121, [ 2 ] ], [ 12122, [ 2 ] ], [ 12123, [ 2 ] ], [ 12124, [ 2 ] ], 
  [ 12125, [ 2 ] ], [ 12126, [ 2 ] ], [ 12127, [ 2 ] ], [ 12128, [ 2 ] ], 
  [ 12129, [ 2 ] ], [ 12130, [ 2 ] ], [ 12131, [ 2 ] ], [ 12132, [ 2 ] ], 
  [ 12133, [ 2 ] ], [ 12134, [ 2 ] ], [ 12135, [ 2 ] ], [ 12136, [ 2 ] ], 
  [ 12137, [ 2 ] ], [ 12138, [ 2 ] ], [ 12139, [ 2 ] ], [ 12140, [ 2 ] ], 
  [ 12141, [ 2 ] ], [ 12142, [ 2 ] ], [ 12143, [ 2 ] ], [ 12144, [ 2 ] ], 
  [ 12145, [ 2 ] ], [ 12146, [ 2 ] ], [ 12147, [ 2 ] ], [ 12148, [ 2 ] ], 
  [ 12149, [ 2 ] ], [ 12267, [ 2 ] ], [ 12268, [ 2 ] ], [ 12269, [ 2 ] ], 
  [ 12270, [ 2 ] ], [ 12271, [ 2 ] ], [ 12272, [ 2 ] ], [ 12273, [ 2 ] ], 
  [ 12274, [ 2 ] ], [ 12275, [ 2 ] ], [ 12276, [ 2 ] ], [ 12277, [ 2 ] ], 
  [ 12278, [ 2 ] ], [ 12279, [ 2 ] ], [ 12280, [ 2 ] ], [ 12281, [ 2 ] ], 
  [ 12282, [ 2 ] ], [ 12283, [ 2 ] ], [ 12284, [ 2 ] ], [ 12285, [ 2 ] ], 
  [ 12286, [ 2 ] ], [ 12287, [ 2 ] ], [ 12288, [ 2 ] ], [ 12289, [ 2 ] ], 
  [ 12290, [ 2 ] ], [ 12291, [ 2 ] ], [ 12316, [ 2 ] ], [ 12317, [ 2 ] ], 
  [ 12318, [ 2 ] ], [ 12319, [ 2 ] ], [ 12320, [ 2 ] ], [ 12321, [ 2 ] ], 
  [ 12322, [ 2 ] ], [ 12323, [ 2 ] ], [ 12324, [ 2 ] ], [ 12325, [ 2 ] ], 
  [ 12326, [ 2 ] ], [ 12327, [ 2 ] ], [ 12328, [ 2 ] ], [ 12329, [ 2 ] ], 
  [ 12330, [ 2 ] ], [ 12331, [ 2 ] ], [ 12332, [ 2 ] ], [ 12333, [ 2 ] ], 
  [ 12334, [ 2 ] ], [ 12335, [ 2 ] ], [ 12336, [ 2 ] ], [ 12337, [ 2 ] ], 
  [ 12338, [ 2 ] ], [ 12339, [ 2 ] ], [ 12340, [ 2 ] ], [ 12341, [ 2 ] ], 
  [ 12342, [ 2 ] ], [ 12343, [ 2 ] ], [ 12344, [ 2 ] ], [ 12345, [ 2 ] ], 
  [ 12346, [ 2 ] ], [ 12347, [ 2 ] ], [ 12348, [ 2 ] ], [ 12349, [ 2 ] ], 
  [ 12350, [ 2 ] ], [ 12351, [ 2 ] ], [ 12352, [ 2 ] ], [ 12353, [ 2 ] ], 
  [ 12354, [ 2 ] ], [ 12355, [ 2 ] ], [ 12408, [ 2 ] ], [ 12409, [ 2 ] ], 
  [ 12410, [ 2 ] ], [ 12411, [ 2 ] ], [ 12412, [ 2 ] ], [ 12413, [ 2 ] ], 
  [ 12414, [ 2 ] ], [ 12415, [ 2 ] ], [ 12416, [ 2 ] ], [ 12417, [ 2 ] ], 
  [ 12418, [ 2 ] ], [ 12419, [ 2 ] ], [ 12420, [ 2 ] ], [ 12421, [ 2 ] ], 
  [ 12422, [ 2 ] ], [ 12423, [ 2 ] ], [ 12424, [ 2 ] ], [ 12425, [ 2 ] ], 
  [ 12426, [ 2 ] ], [ 12427, [ 2 ] ], [ 12428, [ 2 ] ], [ 12429, [ 2 ] ], 
  [ 12430, [ 2 ] ], [ 12431, [ 2 ] ], [ 12432, [ 2 ] ], [ 12433, [ 2 ] ], 
  [ 12434, [ 2 ] ], [ 12435, [ 2 ] ], [ 12436, [ 2 ] ], [ 12437, [ 2 ] ], 
  [ 12438, [ 2 ] ], [ 12439, [ 2 ] ], [ 12440, [ 2 ] ], [ 12441, [ 2 ] ], 
  [ 12442, [ 2 ] ], [ 12443, [ 2 ] ], [ 12593, [ 2 ] ], [ 12594, [ 2 ] ], 
  [ 12595, [ 2 ] ], [ 12596, [ 2 ] ], [ 12597, [ 2 ] ], [ 12598, [ 2 ] ], 
  [ 12599, [ 2 ] ], [ 12600, [ 2 ] ], [ 12601, [ 2 ] ], [ 12602, [ 2 ] ], 
  [ 12603, [ 2 ] ], [ 12604, [ 2 ] ], [ 12605, [ 2 ] ], [ 12606, [ 2 ] ], 
  [ 12607, [ 2 ] ], [ 12608, [ 2 ] ], [ 12659, [ 2 ] ], [ 12660, [ 2 ] ], 
  [ 12661, [ 2 ] ], [ 12662, [ 2 ] ], [ 12663, [ 2 ] ], [ 12664, [ 2 ] ], 
  [ 12665, [ 2 ] ], [ 12666, [ 2 ] ], [ 12667, [ 2 ] ], [ 12668, [ 2 ] ], 
  [ 12669, [ 2 ] ], [ 12670, [ 2 ] ], [ 12671, [ 2 ] ], [ 12672, [ 2 ] ], 
  [ 12673, [ 2 ] ], [ 12674, [ 2 ] ], [ 12675, [ 2 ] ], [ 12676, [ 2 ] ], 
  [ 12677, [ 2 ] ], [ 12678, [ 2 ] ], [ 12679, [ 2 ] ], [ 12680, [ 2 ] ], 
  [ 12681, [ 2 ] ], [ 12682, [ 2 ] ], [ 12683, [ 2 ] ], [ 12684, [ 2 ] ], 
  [ 12685, [ 2 ] ], [ 12686, [ 2 ] ], [ 12687, [ 2 ] ], [ 12688, [ 2 ] ], 
  [ 12689, [ 2 ] ], [ 12690, [ 2 ] ], [ 12691, [ 2 ] ], [ 12692, [ 2 ] ], 
  [ 12693, [ 2 ] ], [ 12694, [ 2 ] ], [ 12695, [ 2 ] ], [ 12696, [ 2 ] ], 
  [ 12697, [ 2 ] ], [ 12698, [ 2 ] ], [ 12699, [ 2 ] ], [ 12700, [ 2 ] ], 
  [ 13568, [ 2 ] ], [ 13615, [ 2 ] ], [ 13647, [ 2 ] ], [ 13648, [ 2 ] ], 
  [ 13654, [ 2 ] ], [ 13671, [ 2 ] ], [ 13707, [ 2 ] ], [ 13741, [ 2 ] ], 
  [ 13749, [ 2 ] ], [ 13750, [ 2 ] ], [ 13755, [ 2 ] ], [ 13761, [ 2 ] ], 
  [ 13771, [ 2 ] ], [ 13780, [ 2 ] ], [ 13786, [ 2 ] ], [ 13787, [ 2 ] ], 
  [ 13793, [ 2 ] ], [ 13799, [ 2 ] ], [ 13807, [ 2 ] ], [ 13815, [ 2 ] ], 
  [ 13823, [ 2 ] ], [ 13884, [ 2 ] ], [ 13956, [ 2 ] ], [ 13957, [ 2 ] ], 
  [ 13958, [ 2 ] ], [ 13966, [ 2 ] ], [ 14009, [ 2 ] ], [ 14035, [ 2 ] ], 
  [ 14072, [ 2 ] ], [ 14073, [ 2 ] ], [ 14074, [ 2 ] ], [ 14085, [ 2 ] ], 
  [ 14092, [ 2 ] ], [ 14132, [ 2 ] ], [ 14140, [ 2 ] ], [ 14141, [ 2 ] ], 
  [ 14142, [ 2 ] ], [ 14150, [ 2 ] ], [ 14176, [ 2 ] ], [ 14184, [ 2 ] ], 
  [ 14185, [ 2 ] ], [ 14186, [ 2 ] ], [ 14187, [ 2 ] ], [ 14196, [ 2 ] ], 
  [ 14213, [ 2 ] ], [ 14214, [ 2 ] ], [ 14215, [ 2 ] ], [ 14216, [ 2 ] ], 
  [ 14227, [ 2 ] ], [ 14255, [ 2 ] ], [ 14265, [ 2 ] ], [ 14266, [ 2 ] ], 
  [ 14267, [ 2 ] ], [ 14281, [ 2 ] ], [ 14289, [ 2 ] ], [ 14307, [ 2 ] ], 
  [ 14308, [ 2 ] ], [ 14309, [ 2 ] ], [ 14316, [ 2 ] ], [ 14330, [ 2 ] ], 
  [ 14340, [ 2 ] ], [ 14364, [ 2 ] ], [ 14391, [ 2 ] ], [ 14392, [ 2 ] ], 
  [ 14393, [ 2 ] ], [ 14404, [ 2 ] ], [ 14421, [ 2 ] ], [ 14432, [ 2 ] ], 
  [ 14481, [ 2 ] ], [ 14520, [ 2 ] ], [ 14521, [ 2 ] ], [ 14522, [ 2 ] ], 
  [ 14536, [ 2 ] ], [ 14557, [ 2 ] ], [ 14591, [ 2 ] ], [ 14624, [ 2 ] ], 
  [ 14637, [ 2 ] ], [ 14638, [ 2 ] ], [ 14639, [ 2 ] ], [ 14649, [ 2 ] ], 
  [ 14658, [ 2 ] ], [ 14665, [ 2 ] ], [ 14672, [ 2 ] ], [ 14687, [ 2 ] ], 
  [ 14688, [ 2 ] ], [ 14696, [ 2 ] ], [ 14704, [ 2 ] ], [ 14717, [ 2 ] ], 
  [ 14723, [ 2 ] ], [ 14729, [ 2 ] ], [ 14730, [ 2 ] ], [ 14731, [ 2, 2 ] ], 
  [ 14752, [ 2 ] ], [ 14753, [ 2 ] ], [ 14754, [ 2 ] ], [ 14755, [ 2 ] ], 
  [ 14756, [ 2 ] ], [ 14757, [ 2 ] ], [ 14762, [ 2 ] ], [ 14777, [ 2 ] ], 
  [ 14778, [ 2 ] ], [ 14779, [ 2, 2 ] ], [ 14796, [ 2 ] ], [ 14797, [ 2 ] ], 
  [ 14798, [ 2 ] ], [ 14799, [ 2 ] ], [ 14800, [ 2 ] ], [ 14804, [ 2 ] ], 
  [ 14809, [ 2 ] ], [ 14810, [ 2 ] ], [ 14811, [ 2, 2 ] ], [ 14826, [ 2 ] ], 
  [ 14827, [ 2 ] ], [ 14828, [ 2 ] ], [ 14829, [ 2 ] ], [ 14830, [ 2 ] ], 
  [ 14833, [ 2 ] ], [ 14838, [ 2 ] ], [ 14840, [ 2 ] ], [ 14841, [ 2 ] ], 
  [ 14842, [ 2, 2 ] ], [ 14845, [ 2 ] ], [ 14853, [ 2 ] ], [ 14854, [ 2 ] ], 
  [ 14855, [ 2 ] ], [ 14856, [ 2 ] ], [ 14857, [ 2 ] ], [ 14858, [ 2 ] ], 
  [ 14878, [ 2 ] ], [ 14879, [ 2 ] ], [ 14880, [ 2 ] ], [ 14881, [ 2 ] ], 
  [ 14882, [ 2 ] ], [ 14883, [ 2 ] ], [ 14888, [ 2 ] ], [ 14893, [ 2 ] ], 
  [ 14894, [ 2 ] ], [ 14895, [ 2, 2 ] ], [ 14903, [ 2 ] ], [ 14904, [ 2 ] ], 
  [ 14905, [ 2, 2 ] ], [ 14913, [ 2 ] ], [ 14914, [ 2 ] ], 
  [ 14915, [ 2, 2 ] ], [ 14921, [ 2 ] ], [ 14922, [ 2 ] ], 
  [ 14923, [ 2, 2 ] ], [ 14930, [ 2 ] ], [ 14931, [ 2 ] ], [ 14932, [ 2 ] ], 
  [ 14937, [ 2 ] ], [ 14942, [ 2 ] ], [ 14943, [ 2 ] ], [ 14944, [ 2, 2 ] ], 
  [ 14951, [ 2 ] ], [ 14952, [ 2 ] ], [ 14953, [ 2 ] ], [ 14958, [ 2 ] ], 
  [ 14963, [ 2 ] ], [ 14965, [ 2 ] ], [ 14966, [ 2 ] ], [ 14967, [ 2, 2 ] ], 
  [ 14974, [ 2 ] ], [ 14975, [ 2 ] ], [ 14976, [ 2 ] ], [ 14977, [ 2 ] ], 
  [ 14982, [ 2 ] ], [ 14987, [ 2 ] ], [ 14989, [ 2 ] ], [ 14990, [ 2 ] ], 
  [ 14991, [ 2, 2 ] ], [ 14999, [ 2 ] ], [ 15001, [ 2 ] ], [ 15002, [ 2 ] ], 
  [ 15003, [ 2, 2 ] ], [ 15009, [ 2 ] ], [ 15011, [ 2 ] ], [ 15012, [ 2 ] ], 
  [ 15013, [ 2, 2 ] ], [ 15019, [ 2 ] ], [ 15021, [ 2 ] ], [ 15022, [ 2 ] ], 
  [ 15023, [ 2, 2 ] ], [ 15034, [ 2 ] ], [ 15035, [ 2 ] ], [ 15036, [ 2 ] ], 
  [ 15037, [ 2 ] ], [ 15038, [ 2 ] ], [ 15039, [ 2 ] ], [ 15049, [ 2 ] ], 
  [ 15054, [ 2 ] ], [ 15056, [ 2 ] ], [ 15057, [ 2 ] ], [ 15058, [ 2, 2 ] ], 
  [ 15069, [ 2 ] ], [ 15070, [ 2 ] ], [ 15071, [ 2 ] ], [ 15072, [ 2 ] ], 
  [ 15073, [ 2 ] ], [ 15074, [ 2 ] ], [ 15084, [ 2 ] ], [ 15089, [ 2 ] ], 
  [ 15091, [ 2 ] ], [ 15092, [ 2 ] ], [ 15093, [ 2, 2 ] ], [ 15104, [ 2 ] ], 
  [ 15105, [ 2 ] ], [ 15106, [ 2 ] ], [ 15107, [ 2 ] ], [ 15108, [ 2 ] ], 
  [ 15109, [ 2 ] ], [ 15119, [ 2 ] ], [ 15124, [ 2 ] ], [ 15126, [ 2 ] ], 
  [ 15127, [ 2 ] ], [ 15128, [ 2, 2 ] ], [ 15139, [ 2 ] ], [ 15140, [ 2 ] ], 
  [ 15141, [ 2 ] ], [ 15142, [ 2 ] ], [ 15143, [ 2 ] ], [ 15144, [ 2 ] ], 
  [ 15154, [ 2 ] ], [ 15161, [ 2 ] ], [ 15164, [ 2 ] ], [ 15165, [ 2, 2 ] ], 
  [ 15174, [ 2 ] ], [ 15175, [ 2 ] ], [ 15176, [ 2 ] ], [ 15177, [ 2 ] ], 
  [ 15178, [ 2 ] ], [ 15179, [ 2 ] ], [ 15193, [ 2 ] ], [ 15199, [ 2 ] ], 
  [ 15201, [ 2 ] ], [ 15202, [ 2 ] ], [ 15203, [ 2, 2 ] ], [ 15211, [ 2 ] ], 
  [ 15212, [ 2 ] ], [ 15213, [ 2 ] ], [ 15214, [ 2 ] ], [ 15223, [ 2 ] ], 
  [ 15229, [ 2 ] ], [ 15230, [ 2 ] ], [ 15231, [ 2, 2 ] ], [ 15238, [ 2 ] ], 
  [ 15239, [ 2 ] ], [ 15245, [ 2 ] ], [ 15251, [ 2 ] ], [ 15252, [ 2 ] ], 
  [ 15253, [ 2, 2 ] ], [ 15260, [ 2 ] ], [ 15261, [ 2 ] ], [ 15269, [ 2 ] ], 
  [ 15280, [ 2 ] ], [ 15283, [ 2 ] ], [ 15284, [ 2, 2 ] ], [ 15290, [ 2 ] ], 
  [ 15291, [ 2 ] ], [ 15292, [ 2, 2 ] ], [ 15298, [ 2 ] ], [ 15299, [ 2 ] ], 
  [ 15300, [ 2, 2 ] ], [ 15310, [ 2 ] ], [ 15313, [ 2 ] ], 
  [ 15314, [ 2, 2 ] ], [ 15322, [ 2 ] ], [ 15325, [ 2 ] ], 
  [ 15326, [ 2, 2 ] ], [ 15334, [ 2 ] ], [ 15338, [ 2 ] ], [ 15341, [ 2 ] ], 
  [ 15342, [ 2, 2 ] ], [ 15350, [ 2 ] ], [ 15354, [ 2 ] ], [ 15357, [ 2 ] ], 
  [ 15358, [ 2, 2 ] ], [ 15366, [ 2 ] ], [ 15369, [ 2 ] ], 
  [ 15370, [ 2, 2 ] ], [ 15378, [ 2 ] ], [ 15381, [ 2 ] ], 
  [ 15382, [ 2, 2 ] ], [ 16297, [ 2, 2 ] ], [ 16299, [ 2, 2 ] ], 
  [ 16301, [ 2, 2 ] ], [ 16309, [ 2, 2 ] ], [ 16311, [ 2, 2 ] ], 
  [ 16312, [ 2, 2 ] ], [ 16313, [ 2, 2 ] ], [ 16320, [ 2, 2 ] ], 
  [ 16322, [ 2, 2 ] ], [ 16323, [ 2, 2 ] ], [ 16330, [ 2, 2 ] ], 
  [ 16332, [ 2, 2 ] ], [ 16333, [ 2, 2 ] ], [ 16339, [ 2, 2 ] ], 
  [ 16341, [ 2, 2 ] ], [ 16342, [ 2, 2 ] ], [ 16345, [ 2, 2 ] ], 
  [ 16347, [ 2, 2 ] ], [ 16354, [ 2, 2 ] ], [ 16356, [ 2, 2 ] ], 
  [ 16360, [ 2, 2 ] ], [ 16362, [ 2, 2 ] ], [ 16366, [ 2, 2 ] ], 
  [ 16368, [ 2, 2 ] ], [ 16370, [ 2, 2 ] ], [ 17257, [ 2 ] ], 
  [ 17258, [ 2 ] ], [ 17259, [ 2 ] ], [ 17260, [ 2 ] ], [ 17261, [ 2 ] ], 
  [ 17372, [ 2 ] ], [ 17373, [ 2 ] ], [ 17374, [ 2 ] ], [ 17375, [ 2 ] ], 
  [ 17376, [ 2 ] ], [ 17377, [ 2 ] ], [ 17494, [ 2 ] ], [ 17495, [ 2 ] ], 
  [ 17496, [ 2 ] ], [ 17497, [ 2 ] ], [ 17498, [ 2 ] ], [ 17499, [ 2 ] ], 
  [ 17544, [ 2 ] ], [ 17545, [ 2 ] ], [ 17546, [ 2 ] ], [ 17547, [ 2 ] ], 
  [ 17548, [ 2 ] ], [ 17549, [ 2 ] ], [ 17594, [ 2 ] ], [ 17595, [ 2 ] ], 
  [ 17596, [ 2 ] ], [ 17597, [ 2 ] ], [ 17598, [ 2 ] ], [ 17599, [ 2 ] ], 
  [ 17644, [ 2 ] ], [ 17645, [ 2 ] ], [ 17646, [ 2 ] ], [ 17647, [ 2 ] ], 
  [ 17648, [ 2 ] ], [ 17649, [ 2 ] ], [ 17694, [ 2 ] ], [ 17695, [ 2 ] ], 
  [ 17696, [ 2 ] ], [ 17697, [ 2 ] ], [ 17698, [ 2 ] ], [ 17699, [ 2 ] ], 
  [ 17744, [ 2 ] ], [ 17745, [ 2 ] ], [ 17746, [ 2 ] ], [ 17747, [ 2 ] ], 
  [ 17748, [ 2 ] ], [ 17749, [ 2 ] ], [ 17770, [ 2 ] ], [ 17771, [ 2 ] ], 
  [ 17772, [ 2 ] ], [ 17773, [ 2 ] ], [ 17774, [ 2 ] ], [ 17775, [ 2 ] ], 
  [ 17829, [ 2 ] ], [ 17830, [ 2 ] ], [ 17831, [ 2 ] ], [ 17832, [ 2 ] ], 
  [ 17833, [ 2 ] ], [ 17834, [ 2 ] ], [ 18024, [ 2 ] ], [ 18025, [ 2 ] ], 
  [ 18026, [ 2 ] ], [ 18027, [ 2 ] ], [ 18112, [ 2 ] ], [ 18113, [ 2 ] ], 
  [ 18114, [ 2 ] ], [ 18115, [ 2 ] ], [ 18116, [ 2 ] ], [ 18117, [ 2 ] ], 
  [ 18118, [ 2 ] ], [ 18119, [ 2 ] ], [ 18236, [ 2 ] ], [ 18237, [ 2 ] ], 
  [ 18238, [ 2 ] ], [ 18239, [ 2 ] ], [ 18240, [ 2 ] ], [ 18241, [ 2 ] ], 
  [ 18242, [ 2 ] ], [ 18243, [ 2 ] ], [ 18286, [ 2 ] ], [ 18287, [ 2 ] ], 
  [ 18288, [ 2 ] ], [ 18289, [ 2 ] ], [ 18290, [ 2 ] ], [ 18291, [ 2 ] ], 
  [ 18332, [ 2 ] ], [ 18333, [ 2 ] ], [ 18334, [ 2 ] ], [ 18335, [ 2 ] ], 
  [ 18336, [ 2 ] ], [ 18337, [ 2 ] ], [ 18378, [ 2 ] ], [ 18379, [ 2 ] ], 
  [ 18380, [ 2 ] ], [ 18381, [ 2 ] ], [ 18382, [ 2 ] ], [ 18383, [ 2 ] ], 
  [ 18404, [ 2 ] ], [ 18405, [ 2 ] ], [ 18406, [ 2 ] ], [ 18407, [ 2 ] ], 
  [ 18463, [ 2 ] ], [ 18464, [ 2 ] ], [ 18465, [ 2 ] ], [ 18466, [ 2 ] ], 
  [ 18467, [ 2 ] ], [ 18468, [ 2 ] ], [ 18489, [ 2 ] ], [ 18490, [ 2 ] ], 
  [ 18491, [ 2 ] ], [ 18492, [ 2 ] ], [ 18493, [ 2 ] ], [ 18494, [ 2 ] ], 
  [ 18590, [ 2 ] ], [ 18591, [ 2 ] ], [ 18592, [ 2 ] ], [ 18593, [ 2 ] ], 
  [ 18664, [ 2 ] ], [ 18665, [ 2 ] ], [ 18666, [ 2 ] ], [ 18667, [ 2 ] ], 
  [ 18713, [ 2 ] ], [ 18714, [ 2 ] ], [ 18715, [ 2 ] ], [ 18716, [ 2 ] ], 
  [ 18717, [ 2 ] ], [ 18718, [ 2 ] ], [ 18719, [ 2 ] ], [ 18771, [ 2 ] ], 
  [ 18772, [ 2 ] ], [ 18773, [ 2 ] ], [ 18774, [ 2 ] ], [ 18775, [ 2 ] ], 
  [ 18776, [ 2 ] ], [ 18777, [ 2 ] ], [ 18804, [ 2 ] ], [ 18805, [ 2 ] ], 
  [ 18806, [ 2 ] ], [ 18807, [ 2 ] ], [ 18848, [ 2 ] ], [ 18849, [ 2 ] ], 
  [ 18850, [ 2 ] ], [ 18851, [ 2 ] ], [ 18852, [ 2 ] ], [ 18896, [ 2 ] ], 
  [ 18897, [ 2 ] ], [ 18898, [ 2 ] ], [ 18899, [ 2 ] ], [ 18900, [ 2 ] ], 
  [ 18901, [ 2 ] ], [ 19056, [ 2 ] ], [ 19057, [ 2 ] ], [ 19058, [ 2 ] ], 
  [ 19059, [ 2 ] ], [ 19244, [ 2 ] ], [ 19245, [ 2 ] ], [ 19246, [ 2 ] ], 
  [ 19247, [ 2 ] ], [ 19474, [ 2 ] ], [ 19475, [ 2 ] ], [ 19476, [ 2 ] ], 
  [ 19477, [ 2 ] ], [ 19812, [ 2 ] ], [ 19813, [ 2 ] ], [ 19814, [ 2 ] ], 
  [ 19815, [ 2 ] ], [ 19816, [ 2 ] ], [ 19817, [ 2 ] ], [ 19818, [ 2 ] ], 
  [ 19819, [ 2 ] ], [ 19954, [ 2 ] ], [ 19955, [ 2 ] ], [ 19956, [ 2 ] ], 
  [ 19957, [ 2 ] ], [ 19958, [ 2 ] ], [ 19959, [ 2 ] ], [ 19960, [ 2 ] ], 
  [ 19961, [ 2 ] ], [ 20250, [ 2 ] ], [ 20251, [ 2 ] ], [ 20252, [ 2 ] ], 
  [ 20253, [ 2 ] ], [ 20254, [ 2 ] ], [ 20255, [ 2 ] ], [ 20256, [ 2 ] ], 
  [ 20257, [ 2 ] ], [ 20651, [ 2 ] ], [ 20652, [ 2 ] ], [ 20653, [ 2 ] ], 
  [ 20654, [ 2 ] ], [ 20655, [ 2 ] ], [ 20699, [ 2 ] ], [ 20700, [ 2 ] ], 
  [ 20701, [ 2 ] ], [ 20702, [ 2 ] ], [ 20703, [ 2 ] ], [ 20704, [ 2 ] ], 
  [ 20705, [ 2 ] ], [ 20706, [ 2 ] ], [ 20721, [ 2 ] ], [ 20722, [ 2 ] ], 
  [ 20723, [ 2 ] ], [ 20724, [ 2 ] ], [ 20725, [ 2 ] ], [ 20726, [ 2 ] ], 
  [ 20741, [ 2 ] ], [ 20742, [ 2 ] ], [ 20743, [ 2 ] ], [ 20744, [ 2 ] ], 
  [ 20745, [ 2 ] ], [ 20746, [ 2 ] ], [ 20761, [ 2 ] ], [ 20762, [ 2 ] ], 
  [ 20763, [ 2 ] ], [ 20764, [ 2 ] ], [ 20765, [ 2 ] ], [ 20766, [ 2 ] ], 
  [ 20781, [ 2 ] ], [ 20782, [ 2 ] ], [ 20783, [ 2 ] ], [ 20784, [ 2 ] ], 
  [ 20807, [ 2 ] ], [ 20808, [ 2 ] ], [ 20809, [ 2 ] ], [ 20810, [ 2 ] ], 
  [ 20811, [ 2 ] ], [ 20812, [ 2 ] ], [ 20829, [ 2 ] ], [ 20830, [ 2 ] ], 
  [ 20831, [ 2 ] ], [ 20832, [ 2 ] ], [ 20849, [ 2 ] ], [ 20850, [ 2 ] ], 
  [ 20851, [ 2 ] ], [ 20852, [ 2 ] ], [ 20853, [ 2 ] ], [ 20854, [ 2 ] ], 
  [ 20868, [ 2 ] ], [ 20869, [ 2 ] ], [ 20870, [ 2 ] ], [ 20871, [ 2 ] ], 
  [ 20882, [ 2 ] ], [ 20883, [ 2 ] ], [ 20884, [ 2 ] ], [ 20885, [ 2 ] ], 
  [ 20901, [ 2 ] ], [ 20902, [ 2 ] ], [ 20903, [ 2 ] ], [ 20904, [ 2 ] ], 
  [ 20905, [ 2 ] ], [ 20906, [ 2 ] ], [ 20907, [ 2 ] ], [ 20921, [ 2 ] ], 
  [ 20922, [ 2 ] ], [ 20923, [ 2 ] ], [ 20924, [ 2 ] ], [ 20925, [ 2 ] ], 
  [ 20926, [ 2 ] ], [ 20927, [ 2 ] ], [ 20941, [ 2 ] ], [ 20942, [ 2 ] ], 
  [ 20943, [ 2 ] ], [ 20944, [ 2 ] ], [ 20953, [ 2 ] ], [ 20954, [ 2 ] ], 
  [ 20955, [ 2 ] ], [ 20956, [ 2 ] ], [ 20957, [ 2 ] ], [ 20966, [ 2 ] ], 
  [ 20967, [ 2 ] ], [ 20968, [ 2 ] ], [ 20969, [ 2 ] ], [ 20970, [ 2 ] ], 
  [ 20971, [ 2 ] ], [ 20984, [ 2 ] ], [ 20985, [ 2 ] ], [ 20986, [ 2 ] ], 
  [ 20987, [ 2 ] ], [ 21004, [ 2 ] ], [ 21005, [ 2 ] ], [ 21006, [ 2 ] ], 
  [ 21007, [ 2 ] ], [ 21026, [ 2 ] ], [ 21027, [ 2 ] ], [ 21028, [ 2 ] ], 
  [ 21029, [ 2 ] ], [ 21030, [ 2 ] ], [ 21031, [ 2 ] ], [ 21032, [ 2 ] ], 
  [ 21033, [ 2 ] ], [ 21058, [ 2 ] ], [ 21059, [ 2 ] ], [ 21060, [ 2 ] ], 
  [ 21061, [ 2 ] ], [ 21062, [ 2 ] ], [ 21063, [ 2 ] ], [ 21064, [ 2 ] ], 
  [ 21065, [ 2 ] ], [ 21092, [ 2 ] ], [ 21093, [ 2 ] ], [ 21094, [ 2 ] ], 
  [ 21095, [ 2 ] ], [ 21096, [ 2 ] ], [ 21097, [ 2 ] ], [ 21134, [ 2 ] ], 
  [ 21135, [ 2 ] ], [ 21136, [ 2 ] ], [ 21137, [ 2 ] ], [ 21138, [ 2 ] ], 
  [ 21139, [ 2 ] ], [ 21179, [ 2 ] ], [ 21180, [ 2 ] ], [ 21181, [ 2 ] ], 
  [ 21182, [ 2 ] ], [ 21183, [ 2 ] ], [ 21184, [ 2 ] ], [ 21217, [ 2 ] ], 
  [ 21218, [ 2 ] ], [ 21219, [ 2 ] ], [ 21220, [ 2 ] ], [ 21221, [ 2 ] ], 
  [ 21222, [ 2 ] ], [ 21257, [ 2 ] ], [ 21258, [ 2 ] ], [ 21259, [ 2 ] ], 
  [ 21260, [ 2 ] ], [ 21261, [ 2 ] ], [ 21262, [ 2 ] ], [ 21298, [ 2 ] ], 
  [ 21299, [ 2 ] ], [ 21300, [ 2 ] ], [ 21301, [ 2 ] ], [ 21302, [ 2 ] ], 
  [ 21303, [ 2 ] ], [ 21304, [ 2 ] ], [ 21305, [ 2 ] ], [ 21306, [ 2 ] ], 
  [ 21329, [ 2 ] ], [ 21330, [ 2 ] ], [ 21331, [ 2 ] ], [ 21332, [ 2 ] ], 
  [ 21333, [ 2 ] ], [ 21334, [ 2 ] ], [ 21335, [ 2 ] ], [ 21336, [ 2 ] ], 
  [ 21337, [ 2 ] ], [ 21338, [ 2 ] ], [ 21339, [ 2 ] ], [ 21340, [ 2 ] ], 
  [ 21366, [ 2 ] ], [ 21367, [ 2 ] ], [ 21368, [ 2 ] ], [ 21369, [ 2 ] ], 
  [ 21370, [ 2 ] ], [ 21371, [ 2 ] ], [ 21372, [ 2 ] ], [ 21373, [ 2 ] ], 
  [ 21374, [ 2 ] ], [ 21397, [ 2 ] ], [ 21398, [ 2 ] ], [ 21399, [ 2 ] ], 
  [ 21400, [ 2 ] ], [ 21401, [ 2 ] ], [ 21402, [ 2 ] ], [ 21403, [ 2 ] ], 
  [ 21404, [ 2 ] ], [ 21405, [ 2 ] ], [ 21406, [ 2 ] ], [ 21407, [ 2 ] ], 
  [ 21408, [ 2 ] ], [ 21433, [ 2 ] ], [ 21434, [ 2 ] ], [ 21435, [ 2 ] ], 
  [ 21436, [ 2 ] ], [ 21437, [ 2 ] ], [ 21438, [ 2 ] ], [ 21439, [ 2 ] ], 
  [ 21455, [ 2 ] ], [ 21456, [ 2 ] ], [ 21457, [ 2 ] ], [ 21458, [ 2 ] ], 
  [ 21459, [ 2 ] ], [ 21460, [ 2 ] ], [ 21461, [ 2 ] ], [ 21475, [ 2 ] ], 
  [ 21476, [ 2 ] ], [ 21477, [ 2 ] ], [ 21478, [ 2 ] ], [ 21479, [ 2 ] ], 
  [ 21504, [ 2 ] ], [ 21505, [ 2 ] ], [ 21506, [ 2 ] ], [ 21507, [ 2 ] ], 
  [ 21508, [ 2 ] ], [ 21509, [ 2 ] ], [ 21510, [ 2 ] ], [ 21524, [ 2 ] ], 
  [ 21525, [ 2 ] ], [ 21526, [ 2 ] ], [ 21527, [ 2 ] ], [ 21528, [ 2 ] ], 
  [ 21529, [ 2 ] ], [ 21530, [ 2 ] ], [ 21549, [ 2 ] ], [ 21550, [ 2 ] ], 
  [ 21551, [ 2 ] ], [ 21552, [ 2 ] ], [ 21553, [ 2 ] ], [ 21554, [ 2 ] ], 
  [ 21565, [ 2 ] ], [ 21566, [ 2 ] ], [ 21567, [ 2 ] ], [ 21568, [ 2 ] ], 
  [ 21569, [ 2 ] ], [ 21570, [ 2 ] ], [ 21591, [ 2 ] ], [ 21592, [ 2 ] ], 
  [ 21593, [ 2 ] ], [ 21594, [ 2 ] ], [ 21595, [ 2 ] ], [ 21596, [ 2 ] ], 
  [ 21606, [ 2 ] ], [ 21607, [ 2 ] ], [ 21608, [ 2 ] ], [ 21609, [ 2 ] ], 
  [ 21631, [ 2 ] ], [ 21632, [ 2 ] ], [ 21633, [ 2 ] ], [ 21634, [ 2 ] ], 
  [ 21635, [ 2 ] ], [ 21636, [ 2 ] ], [ 21646, [ 2 ] ], [ 21647, [ 2 ] ], 
  [ 21648, [ 2 ] ], [ 21649, [ 2 ] ], [ 21668, [ 2 ] ], [ 21669, [ 2 ] ], 
  [ 21670, [ 2 ] ], [ 21671, [ 2 ] ], [ 21672, [ 2 ] ], [ 21680, [ 2 ] ], 
  [ 21681, [ 2 ] ], [ 21682, [ 2 ] ], [ 21683, [ 2 ] ], [ 21697, [ 2 ] ], 
  [ 21698, [ 2 ] ], [ 21699, [ 2 ] ], [ 21700, [ 2 ] ], [ 21701, [ 2 ] ], 
  [ 21710, [ 2 ] ], [ 21711, [ 2 ] ], [ 21712, [ 2 ] ], [ 21713, [ 2 ] ], 
  [ 21714, [ 2 ] ], [ 21715, [ 2 ] ], [ 21729, [ 2 ] ], [ 21730, [ 2 ] ], 
  [ 21731, [ 2 ] ], [ 21732, [ 2 ] ], [ 21733, [ 2 ] ], [ 21741, [ 2 ] ], 
  [ 21742, [ 2 ] ], [ 21743, [ 2 ] ], [ 21744, [ 2 ] ], [ 21745, [ 2 ] ], 
  [ 21763, [ 2 ] ], [ 21764, [ 2 ] ], [ 21765, [ 2 ] ], [ 21766, [ 2 ] ], 
  [ 21767, [ 2 ] ], [ 21768, [ 2 ] ], [ 21783, [ 2 ] ], [ 21784, [ 2 ] ], 
  [ 21785, [ 2 ] ], [ 21786, [ 2 ] ], [ 21787, [ 2 ] ], [ 21788, [ 2 ] ], 
  [ 21803, [ 2 ] ], [ 21804, [ 2 ] ], [ 21805, [ 2 ] ], [ 21806, [ 2 ] ], 
  [ 21821, [ 2 ] ], [ 21822, [ 2 ] ], [ 21823, [ 2 ] ], [ 21824, [ 2 ] ], 
  [ 21845, [ 2 ] ], [ 21846, [ 2 ] ], [ 21847, [ 2 ] ], [ 21848, [ 2 ] ], 
  [ 21849, [ 2 ] ], [ 21850, [ 2 ] ], [ 21851, [ 2 ] ], [ 21852, [ 2 ] ], 
  [ 21877, [ 2 ] ], [ 21878, [ 2 ] ], [ 21879, [ 2 ] ], [ 21880, [ 2 ] ], 
  [ 21881, [ 2 ] ], [ 21882, [ 2 ] ], [ 21883, [ 2 ] ], [ 21884, [ 2 ] ], 
  [ 21901, [ 2 ] ], [ 21902, [ 2 ] ], [ 21903, [ 2 ] ], [ 21904, [ 2 ] ], 
  [ 21905, [ 2 ] ], [ 21906, [ 2 ] ], [ 21907, [ 2 ] ], [ 21908, [ 2 ] ], 
  [ 21947, [ 2 ] ], [ 21948, [ 2 ] ], [ 21949, [ 2 ] ], [ 21950, [ 2 ] ], 
  [ 21951, [ 2 ] ], [ 21952, [ 2 ] ], [ 21953, [ 2 ] ], [ 21954, [ 2 ] ], 
  [ 21979, [ 2 ] ], [ 21980, [ 2 ] ], [ 21981, [ 2 ] ], [ 21982, [ 2 ] ], 
  [ 21983, [ 2 ] ], [ 21984, [ 2 ] ], [ 21985, [ 2 ] ], [ 21986, [ 2 ] ], 
  [ 22011, [ 2 ] ], [ 22012, [ 2 ] ], [ 22013, [ 2 ] ], [ 22014, [ 2 ] ], 
  [ 22015, [ 2 ] ], [ 22016, [ 2 ] ], [ 22017, [ 2 ] ], [ 22018, [ 2 ] ], 
  [ 22043, [ 2 ] ], [ 22044, [ 2 ] ], [ 22045, [ 2 ] ], [ 22046, [ 2 ] ], 
  [ 22047, [ 2 ] ], [ 22048, [ 2 ] ], [ 22049, [ 2 ] ], [ 22050, [ 2 ] ], 
  [ 22075, [ 2 ] ], [ 22076, [ 2 ] ], [ 22077, [ 2 ] ], [ 22078, [ 2 ] ], 
  [ 22079, [ 2 ] ], [ 22080, [ 2 ] ], [ 22081, [ 2 ] ], [ 22082, [ 2 ] ], 
  [ 22097, [ 2 ] ], [ 22098, [ 2 ] ], [ 22099, [ 2 ] ], [ 22100, [ 2 ] ], 
  [ 22101, [ 2 ] ], [ 22102, [ 2 ] ], [ 22115, [ 2 ] ], [ 22116, [ 2 ] ], 
  [ 22117, [ 2 ] ], [ 22118, [ 2 ] ], [ 22119, [ 2 ] ], [ 22120, [ 2 ] ], 
  [ 22133, [ 2 ] ], [ 22134, [ 2 ] ], [ 22135, [ 2 ] ], [ 22136, [ 2 ] ], 
  [ 22137, [ 2 ] ], [ 22138, [ 2 ] ], [ 22150, [ 2 ] ], [ 22151, [ 2 ] ], 
  [ 22152, [ 2 ] ], [ 22153, [ 2 ] ], [ 22154, [ 2 ] ], [ 22155, [ 2 ] ], 
  [ 22169, [ 2 ] ], [ 22170, [ 2 ] ], [ 22171, [ 2 ] ], [ 22172, [ 2 ] ], 
  [ 22183, [ 2 ] ], [ 22184, [ 2 ] ], [ 22185, [ 2 ] ], [ 22186, [ 2 ] ], 
  [ 22199, [ 2 ] ], [ 22200, [ 2 ] ], [ 22201, [ 2 ] ], [ 22202, [ 2 ] ], 
  [ 22211, [ 2 ] ], [ 22212, [ 2 ] ], [ 22213, [ 2 ] ], [ 22214, [ 2 ] ], 
  [ 22215, [ 2 ] ], [ 22289, [ 2 ] ], [ 22290, [ 2 ] ], [ 22291, [ 2 ] ], 
  [ 22292, [ 2 ] ], [ 22293, [ 2 ] ], [ 22305, [ 2 ] ], [ 22306, [ 2 ] ], 
  [ 22307, [ 2 ] ], [ 22308, [ 2 ] ], [ 22309, [ 2 ] ], [ 22322, [ 2 ] ], 
  [ 22323, [ 2 ] ], [ 22324, [ 2 ] ], [ 22325, [ 2 ] ], [ 22326, [ 2 ] ], 
  [ 22327, [ 2 ] ], [ 22340, [ 2 ] ], [ 22341, [ 2 ] ], [ 22342, [ 2 ] ], 
  [ 22343, [ 2 ] ], [ 22344, [ 2 ] ], [ 22345, [ 2 ] ], [ 22432, [ 2 ] ], 
  [ 22433, [ 2 ] ], [ 22434, [ 2 ] ], [ 22435, [ 2 ] ], [ 22436, [ 2 ] ], 
  [ 22437, [ 2 ] ], [ 22438, [ 2 ] ], [ 22439, [ 2 ] ], [ 22464, [ 2 ] ], 
  [ 22465, [ 2 ] ], [ 22466, [ 2 ] ], [ 22467, [ 2 ] ], [ 22468, [ 2 ] ], 
  [ 22469, [ 2 ] ], [ 22470, [ 2 ] ], [ 22471, [ 2 ] ], [ 22486, [ 2 ] ], 
  [ 22487, [ 2 ] ], [ 22488, [ 2 ] ], [ 22489, [ 2 ] ], [ 22490, [ 2 ] ], 
  [ 22491, [ 2 ] ], [ 22506, [ 2 ] ], [ 22507, [ 2 ] ], [ 22508, [ 2 ] ], 
  [ 22509, [ 2 ] ], [ 22510, [ 2 ] ], [ 22511, [ 2 ] ], [ 22546, [ 2 ] ], 
  [ 22547, [ 2 ] ], [ 22548, [ 2 ] ], [ 22549, [ 2 ] ], [ 22550, [ 2 ] ], 
  [ 22551, [ 2 ] ], [ 22566, [ 2 ] ], [ 22567, [ 2 ] ], [ 22568, [ 2 ] ], 
  [ 22569, [ 2 ] ], [ 22570, [ 2 ] ], [ 22571, [ 2 ] ], [ 22580, [ 2 ] ], 
  [ 22581, [ 2 ] ], [ 22582, [ 2 ] ], [ 22583, [ 2 ] ], [ 22584, [ 2 ] ], 
  [ 22585, [ 2 ] ], [ 22586, [ 2 ] ], [ 22587, [ 2 ] ], [ 22588, [ 2 ] ], 
  [ 22589, [ 2 ] ], [ 22590, [ 2 ] ], [ 22591, [ 2 ] ], [ 22592, [ 2 ] ], 
  [ 22593, [ 2 ] ], [ 22594, [ 2 ] ], [ 22595, [ 2 ] ], [ 22596, [ 2 ] ], 
  [ 22597, [ 2 ] ], [ 22598, [ 2 ] ], [ 22599, [ 2 ] ], [ 22600, [ 2 ] ], 
  [ 22601, [ 2 ] ], [ 22602, [ 2 ] ], [ 22603, [ 2 ] ], [ 22604, [ 2 ] ], 
  [ 22605, [ 2 ] ], [ 22606, [ 2 ] ], [ 22607, [ 2 ] ], [ 22608, [ 2 ] ], 
  [ 22609, [ 2 ] ], [ 22610, [ 2 ] ], [ 22611, [ 2 ] ], [ 22612, [ 2 ] ], 
  [ 22613, [ 2 ] ], [ 22614, [ 2 ] ], [ 22615, [ 2 ] ], [ 22616, [ 2 ] ], 
  [ 22617, [ 2 ] ], [ 22618, [ 2 ] ], [ 22619, [ 2 ] ], [ 22620, [ 2 ] ], 
  [ 22621, [ 2 ] ], [ 22622, [ 2 ] ], [ 22623, [ 2 ] ], [ 22624, [ 2 ] ], 
  [ 22625, [ 2 ] ], [ 22626, [ 2 ] ], [ 22627, [ 2 ] ], [ 22628, [ 2 ] ], 
  [ 22629, [ 2 ] ], [ 22630, [ 2 ] ], [ 22631, [ 2 ] ], [ 22632, [ 2 ] ], 
  [ 22633, [ 2 ] ], [ 22634, [ 2 ] ], [ 22635, [ 2 ] ], [ 22636, [ 2 ] ], 
  [ 22637, [ 2 ] ], [ 22638, [ 2 ] ], [ 22639, [ 2 ] ], [ 22640, [ 2 ] ], 
  [ 22641, [ 2 ] ], [ 22642, [ 2 ] ], [ 22643, [ 2 ] ], [ 22644, [ 2 ] ], 
  [ 22645, [ 2 ] ], [ 22646, [ 2 ] ], [ 22647, [ 2 ] ], [ 22648, [ 2 ] ], 
  [ 22649, [ 2 ] ], [ 22650, [ 2 ] ], [ 22651, [ 2 ] ], [ 22652, [ 2 ] ], 
  [ 22653, [ 2 ] ], [ 22654, [ 2 ] ], [ 22655, [ 2 ] ], [ 22656, [ 2 ] ], 
  [ 22657, [ 2 ] ], [ 22658, [ 2 ] ], [ 22659, [ 2 ] ], [ 22660, [ 2 ] ], 
  [ 22661, [ 2 ] ], [ 22662, [ 2 ] ], [ 22663, [ 2 ] ], [ 22664, [ 2 ] ], 
  [ 22665, [ 2 ] ], [ 22666, [ 2 ] ], [ 22667, [ 2 ] ], [ 22668, [ 2 ] ], 
  [ 22669, [ 2 ] ], [ 22670, [ 2 ] ], [ 22671, [ 2 ] ], [ 22672, [ 2 ] ], 
  [ 22673, [ 2 ] ], [ 22674, [ 2 ] ], [ 22675, [ 2 ] ], [ 22676, [ 2 ] ], 
  [ 22677, [ 2 ] ], [ 22678, [ 2 ] ], [ 22679, [ 2 ] ], [ 22680, [ 2 ] ], 
  [ 22681, [ 2 ] ], [ 22682, [ 2 ] ], [ 22683, [ 2 ] ], [ 22684, [ 2 ] ], 
  [ 22685, [ 2 ] ], [ 22686, [ 2 ] ], [ 22687, [ 2 ] ], [ 22688, [ 2 ] ], 
  [ 22689, [ 2 ] ], [ 22690, [ 2 ] ], [ 22691, [ 2 ] ], [ 22692, [ 2 ] ], 
  [ 22693, [ 2 ] ], [ 22694, [ 2 ] ], [ 22695, [ 2 ] ], [ 22696, [ 2 ] ], 
  [ 22697, [ 2 ] ], [ 22698, [ 2 ] ], [ 22699, [ 2 ] ], [ 22700, [ 2 ] ], 
  [ 22701, [ 2 ] ], [ 22702, [ 2 ] ], [ 22703, [ 2 ] ], [ 22704, [ 2 ] ], 
  [ 22705, [ 2 ] ], [ 22706, [ 2 ] ], [ 22707, [ 2 ] ], [ 22708, [ 2 ] ], 
  [ 22709, [ 2 ] ], [ 22710, [ 2 ] ], [ 22711, [ 2 ] ], [ 22712, [ 2 ] ], 
  [ 22713, [ 2 ] ], [ 22714, [ 2 ] ], [ 22715, [ 2 ] ], [ 22716, [ 2 ] ], 
  [ 22717, [ 2 ] ], [ 22718, [ 2 ] ], [ 22719, [ 2 ] ], [ 22720, [ 2 ] ], 
  [ 22721, [ 2 ] ], [ 22722, [ 2 ] ], [ 22723, [ 2 ] ], [ 22724, [ 2, 2 ] ], 
  [ 22725, [ 2, 2 ] ], [ 22726, [ 2, 2 ] ], [ 22727, [ 2, 2 ] ], 
  [ 22728, [ 2, 2 ] ], [ 22729, [ 2, 2 ] ], [ 22730, [ 2, 2 ] ], 
  [ 22731, [ 2, 2 ] ], [ 22732, [ 2, 2 ] ], [ 22733, [ 2, 2 ] ], 
  [ 22734, [ 2, 2 ] ], [ 22735, [ 2, 2 ] ], [ 22736, [ 2 ] ], 
  [ 22737, [ 2 ] ], [ 22738, [ 2 ] ], [ 22739, [ 2 ] ], [ 22740, [ 2 ] ], 
  [ 22741, [ 2 ] ], [ 22742, [ 2 ] ], [ 22743, [ 2 ] ], [ 22744, [ 2 ] ], 
  [ 22745, [ 2 ] ], [ 22746, [ 2 ] ], [ 22747, [ 2 ] ], [ 22748, [ 2 ] ], 
  [ 22749, [ 2 ] ], [ 22750, [ 2 ] ], [ 22751, [ 2 ] ], [ 22752, [ 2 ] ], 
  [ 22753, [ 2 ] ], [ 22754, [ 2 ] ], [ 22755, [ 2 ] ], [ 22756, [ 2 ] ], 
  [ 22757, [ 2 ] ], [ 22758, [ 2 ] ], [ 22759, [ 2 ] ], [ 22760, [ 2 ] ], 
  [ 22761, [ 2 ] ], [ 22762, [ 2 ] ], [ 22763, [ 2 ] ], [ 22764, [ 2, 2 ] ], 
  [ 22765, [ 2, 2 ] ], [ 22766, [ 2, 2 ] ], [ 22767, [ 2, 2 ] ], 
  [ 22768, [ 2, 2 ] ], [ 22769, [ 2, 2 ] ], [ 22770, [ 2, 2 ] ], 
  [ 22771, [ 2, 2 ] ], [ 22772, [ 2, 2 ] ], [ 22773, [ 2, 2 ] ], 
  [ 22774, [ 2, 2 ] ], [ 22775, [ 2, 2 ] ], [ 22776, [ 2 ] ], 
  [ 22777, [ 2 ] ], [ 22778, [ 2 ] ], [ 22779, [ 2 ] ], [ 22780, [ 2 ] ], 
  [ 22781, [ 2 ] ], [ 22782, [ 2 ] ], [ 22783, [ 2 ] ], [ 22784, [ 2 ] ], 
  [ 22785, [ 2 ] ], [ 22786, [ 2 ] ], [ 22787, [ 2 ] ], [ 22788, [ 2 ] ], 
  [ 22789, [ 2 ] ], [ 22790, [ 2 ] ], [ 22791, [ 2 ] ], [ 22792, [ 2 ] ], 
  [ 22793, [ 2 ] ], [ 22794, [ 2 ] ], [ 22795, [ 2 ] ], [ 22796, [ 2 ] ], 
  [ 22797, [ 2 ] ], [ 22798, [ 2, 2 ] ], [ 22799, [ 2, 2 ] ], 
  [ 22800, [ 2, 2 ] ], [ 22801, [ 2, 2 ] ], [ 22802, [ 2, 2 ] ], 
  [ 22803, [ 2, 2 ] ], [ 22804, [ 2, 2 ] ], [ 22805, [ 2, 2 ] ], 
  [ 22806, [ 2 ] ], [ 22807, [ 2 ] ], [ 22808, [ 2 ] ], [ 22809, [ 2 ] ], 
  [ 22810, [ 2 ] ], [ 22811, [ 2 ] ], [ 22812, [ 2 ] ], [ 22813, [ 2 ] ], 
  [ 22814, [ 2 ] ], [ 22815, [ 2 ] ], [ 22816, [ 2 ] ], [ 22817, [ 2 ] ], 
  [ 22818, [ 2 ] ], [ 22819, [ 2 ] ], [ 22820, [ 2 ] ], [ 22821, [ 2 ] ], 
  [ 22822, [ 2 ] ], [ 22823, [ 2 ] ], [ 22824, [ 2 ] ], [ 22825, [ 2 ] ], 
  [ 22826, [ 2 ] ], [ 22827, [ 2 ] ], [ 22828, [ 2 ] ], [ 22829, [ 2 ] ], 
  [ 22830, [ 2 ] ], [ 22831, [ 2 ] ], [ 22832, [ 2 ] ], [ 22833, [ 2 ] ], 
  [ 22834, [ 2 ] ], [ 22835, [ 2, 2 ] ], [ 22836, [ 2, 2 ] ], 
  [ 22837, [ 2, 2 ] ], [ 22838, [ 2, 2 ] ], [ 22839, [ 2, 2 ] ], 
  [ 22840, [ 2, 2 ] ], [ 22841, [ 2, 2 ] ], [ 22842, [ 2, 2 ] ], 
  [ 22843, [ 2, 2 ] ], [ 22844, [ 2, 2 ] ], [ 22845, [ 2, 2 ] ], 
  [ 22846, [ 2 ] ], [ 22847, [ 2 ] ], [ 22848, [ 2 ] ], [ 22849, [ 2 ] ], 
  [ 22850, [ 2 ] ], [ 22851, [ 2 ] ], [ 22852, [ 2 ] ], [ 22853, [ 2 ] ], 
  [ 22854, [ 2 ] ], [ 22855, [ 2 ] ], [ 22856, [ 2 ] ], [ 22857, [ 2 ] ], 
  [ 22858, [ 2 ] ], [ 22859, [ 2 ] ], [ 22860, [ 2 ] ], [ 22861, [ 2 ] ], 
  [ 22862, [ 2 ] ], [ 22863, [ 2 ] ], [ 22864, [ 2 ] ], [ 22865, [ 2 ] ], 
  [ 22866, [ 2 ] ], [ 22867, [ 2 ] ], [ 22868, [ 2, 2 ] ], 
  [ 22869, [ 2, 2 ] ], [ 22870, [ 2, 2 ] ], [ 22871, [ 2, 2 ] ], 
  [ 22872, [ 2, 2 ] ], [ 22873, [ 2, 2 ] ], [ 22874, [ 2 ] ], 
  [ 22875, [ 2 ] ], [ 22876, [ 2 ] ], [ 22877, [ 2 ] ], [ 22878, [ 2 ] ], 
  [ 22879, [ 2 ] ], [ 22880, [ 2 ] ], [ 22881, [ 2 ] ], [ 22882, [ 2 ] ], 
  [ 22883, [ 2 ] ], [ 22884, [ 2 ] ], [ 22885, [ 2 ] ], [ 22886, [ 2 ] ], 
  [ 22887, [ 2 ] ], [ 22888, [ 2 ] ], [ 22889, [ 2 ] ], [ 22890, [ 2 ] ], 
  [ 22891, [ 2 ] ], [ 22892, [ 2 ] ], [ 22893, [ 2 ] ], [ 22894, [ 2 ] ], 
  [ 22895, [ 2 ] ], [ 22896, [ 2 ] ], [ 22897, [ 2 ] ], [ 22898, [ 2 ] ], 
  [ 22899, [ 2 ] ], [ 22900, [ 2 ] ], [ 22901, [ 2 ] ], [ 22902, [ 2 ] ], 
  [ 22903, [ 2 ] ], [ 22904, [ 2 ] ], [ 22905, [ 2 ] ], [ 22906, [ 2 ] ], 
  [ 22907, [ 2 ] ], [ 22908, [ 2 ] ], [ 22909, [ 2 ] ], [ 22910, [ 2 ] ], 
  [ 22911, [ 2 ] ], [ 22912, [ 2 ] ], [ 22913, [ 2 ] ], [ 22914, [ 2 ] ], 
  [ 22915, [ 2 ] ], [ 22916, [ 2 ] ], [ 22917, [ 2 ] ], [ 22918, [ 2 ] ], 
  [ 22919, [ 2 ] ], [ 22920, [ 2 ] ], [ 22921, [ 2 ] ], [ 22922, [ 2 ] ], 
  [ 22923, [ 2 ] ], [ 22924, [ 2 ] ], [ 22925, [ 2 ] ], [ 22926, [ 2 ] ], 
  [ 22927, [ 2 ] ], [ 22928, [ 2 ] ], [ 22929, [ 2 ] ], [ 22930, [ 2 ] ], 
  [ 22931, [ 2 ] ], [ 22932, [ 2 ] ], [ 22933, [ 2 ] ], [ 22934, [ 2 ] ], 
  [ 22935, [ 2 ] ], [ 22936, [ 2 ] ], [ 22937, [ 2 ] ], [ 22938, [ 2 ] ], 
  [ 22939, [ 2 ] ], [ 22940, [ 2 ] ], [ 22941, [ 2 ] ], [ 22942, [ 2 ] ], 
  [ 22943, [ 2 ] ], [ 22944, [ 2 ] ], [ 22945, [ 2 ] ], [ 22946, [ 2 ] ], 
  [ 22947, [ 2 ] ], [ 22948, [ 2 ] ], [ 22949, [ 2 ] ], [ 22950, [ 2 ] ], 
  [ 22951, [ 2 ] ], [ 22952, [ 2 ] ], [ 22953, [ 2 ] ], [ 22954, [ 2 ] ], 
  [ 22955, [ 2 ] ], [ 22956, [ 2 ] ], [ 22957, [ 2 ] ], [ 22958, [ 2 ] ], 
  [ 22959, [ 2 ] ], [ 22960, [ 2 ] ], [ 22961, [ 2 ] ], [ 22962, [ 2 ] ], 
  [ 22963, [ 2 ] ], [ 22964, [ 2 ] ], [ 22965, [ 2 ] ], [ 22966, [ 2 ] ], 
  [ 22967, [ 2 ] ], [ 22968, [ 2 ] ], [ 22969, [ 2 ] ], [ 22970, [ 2 ] ], 
  [ 22971, [ 2 ] ], [ 22972, [ 2 ] ], [ 22973, [ 2 ] ], [ 22974, [ 2 ] ], 
  [ 22975, [ 2 ] ], [ 22976, [ 2 ] ], [ 22977, [ 2 ] ], [ 22978, [ 2 ] ], 
  [ 22979, [ 2 ] ], [ 22980, [ 2 ] ], [ 22981, [ 2 ] ], [ 22982, [ 2 ] ], 
  [ 22983, [ 2 ] ], [ 22984, [ 2 ] ], [ 22985, [ 2 ] ], [ 22986, [ 2 ] ], 
  [ 22987, [ 2 ] ], [ 22988, [ 2 ] ], [ 22989, [ 2 ] ], [ 22990, [ 2 ] ], 
  [ 22991, [ 2 ] ], [ 22992, [ 2 ] ], [ 22993, [ 2 ] ], [ 22994, [ 2 ] ], 
  [ 22995, [ 2 ] ], [ 22996, [ 2 ] ], [ 22997, [ 2 ] ], [ 22998, [ 2 ] ], 
  [ 22999, [ 2 ] ], [ 23000, [ 2 ] ], [ 23001, [ 2 ] ], [ 23002, [ 2 ] ], 
  [ 23003, [ 2 ] ], [ 23004, [ 2 ] ], [ 23005, [ 2 ] ], [ 23006, [ 2 ] ], 
  [ 23007, [ 2 ] ], [ 23008, [ 2 ] ], [ 23009, [ 2 ] ], [ 23010, [ 2 ] ], 
  [ 23011, [ 2 ] ], [ 23012, [ 2 ] ], [ 23013, [ 2 ] ], [ 23014, [ 2 ] ], 
  [ 23015, [ 2 ] ], [ 23016, [ 2 ] ], [ 23017, [ 2 ] ], [ 23018, [ 2 ] ], 
  [ 23019, [ 2 ] ], [ 23020, [ 2 ] ], [ 23021, [ 2 ] ], [ 23022, [ 2 ] ], 
  [ 23023, [ 2 ] ], [ 23024, [ 2 ] ], [ 23025, [ 2 ] ], [ 23026, [ 2 ] ], 
  [ 23027, [ 2 ] ], [ 23028, [ 2 ] ], [ 23029, [ 2 ] ], [ 23030, [ 2 ] ], 
  [ 23031, [ 2 ] ], [ 23032, [ 2 ] ], [ 23033, [ 2 ] ], [ 23034, [ 2 ] ], 
  [ 23035, [ 2 ] ], [ 23036, [ 2 ] ], [ 23037, [ 2 ] ], [ 23038, [ 2 ] ], 
  [ 23039, [ 2 ] ], [ 23040, [ 2 ] ], [ 23041, [ 2 ] ], [ 23042, [ 2 ] ], 
  [ 23043, [ 2 ] ], [ 23044, [ 2 ] ], [ 23045, [ 2 ] ], [ 23046, [ 2 ] ], 
  [ 23047, [ 2 ] ], [ 23048, [ 2 ] ], [ 23049, [ 2 ] ], [ 23050, [ 2 ] ], 
  [ 23051, [ 2 ] ], [ 23052, [ 2 ] ], [ 23053, [ 2 ] ], [ 23054, [ 2 ] ], 
  [ 23055, [ 2 ] ], [ 23056, [ 2 ] ], [ 23057, [ 2 ] ], [ 23058, [ 2 ] ], 
  [ 23059, [ 2 ] ], [ 23060, [ 2 ] ], [ 23061, [ 2 ] ], [ 23062, [ 2 ] ], 
  [ 23063, [ 2 ] ], [ 23064, [ 2 ] ], [ 23065, [ 2 ] ], [ 23066, [ 2 ] ], 
  [ 23067, [ 2 ] ], [ 23068, [ 2 ] ], [ 23069, [ 2 ] ], [ 23070, [ 2 ] ], 
  [ 23071, [ 2 ] ], [ 23072, [ 2 ] ], [ 23073, [ 2 ] ], [ 23074, [ 2 ] ], 
  [ 23075, [ 2 ] ], [ 23076, [ 2 ] ], [ 23077, [ 2 ] ], [ 23078, [ 2 ] ], 
  [ 23079, [ 2 ] ], [ 23080, [ 2 ] ], [ 23081, [ 2 ] ], [ 23082, [ 2 ] ], 
  [ 23083, [ 2 ] ], [ 23084, [ 2 ] ], [ 23085, [ 2 ] ], [ 23086, [ 2 ] ], 
  [ 23087, [ 2 ] ], [ 23088, [ 2 ] ], [ 23089, [ 2 ] ], [ 23090, [ 2 ] ], 
  [ 23091, [ 2 ] ], [ 23092, [ 2 ] ], [ 23093, [ 2 ] ], [ 23094, [ 2 ] ], 
  [ 23095, [ 2 ] ], [ 23096, [ 2 ] ], [ 23097, [ 2 ] ], [ 23098, [ 2 ] ], 
  [ 23099, [ 2 ] ], [ 23100, [ 2 ] ], [ 23101, [ 2 ] ], [ 23102, [ 2 ] ], 
  [ 23103, [ 2 ] ], [ 23104, [ 2 ] ], [ 23105, [ 2 ] ], [ 23106, [ 2 ] ], 
  [ 23107, [ 2 ] ], [ 23108, [ 2 ] ], [ 23109, [ 2 ] ], [ 23110, [ 2 ] ], 
  [ 23111, [ 2 ] ], [ 23112, [ 2 ] ], [ 23113, [ 2 ] ], [ 23114, [ 2 ] ], 
  [ 23115, [ 2 ] ], [ 23116, [ 2 ] ], [ 23117, [ 2 ] ], [ 23118, [ 2 ] ], 
  [ 23119, [ 2 ] ], [ 23120, [ 2 ] ], [ 23121, [ 2 ] ], [ 23122, [ 2 ] ], 
  [ 23123, [ 2 ] ], [ 23124, [ 2 ] ], [ 23125, [ 2 ] ], [ 23126, [ 2 ] ], 
  [ 23127, [ 2 ] ], [ 23128, [ 2 ] ], [ 23129, [ 2 ] ], [ 23130, [ 2 ] ], 
  [ 23131, [ 2 ] ], [ 23132, [ 2 ] ], [ 23133, [ 2 ] ], [ 23134, [ 2 ] ], 
  [ 23135, [ 2 ] ], [ 23136, [ 2 ] ], [ 23137, [ 2 ] ], [ 23138, [ 2 ] ], 
  [ 23139, [ 2 ] ], [ 23140, [ 2 ] ], [ 23141, [ 2 ] ], [ 23142, [ 2 ] ], 
  [ 23143, [ 2 ] ], [ 23144, [ 2 ] ], [ 23145, [ 2 ] ], [ 23146, [ 2 ] ], 
  [ 23147, [ 2 ] ], [ 23148, [ 2 ] ], [ 23149, [ 2 ] ], [ 23150, [ 2 ] ], 
  [ 23151, [ 2 ] ], [ 23152, [ 2 ] ], [ 23153, [ 2 ] ], [ 23154, [ 2 ] ], 
  [ 23155, [ 2 ] ], [ 23156, [ 2 ] ], [ 23157, [ 2 ] ], [ 23158, [ 2 ] ], 
  [ 23159, [ 2 ] ], [ 23160, [ 2 ] ], [ 23161, [ 2 ] ], [ 23162, [ 2 ] ], 
  [ 23163, [ 2 ] ], [ 23164, [ 2 ] ], [ 23165, [ 2 ] ], [ 23166, [ 2 ] ], 
  [ 23167, [ 2 ] ], [ 23168, [ 2 ] ], [ 23169, [ 2 ] ], [ 23170, [ 2 ] ], 
  [ 23171, [ 2 ] ], [ 23172, [ 2 ] ], [ 23173, [ 2 ] ], [ 23174, [ 2 ] ], 
  [ 23175, [ 2 ] ], [ 23176, [ 2 ] ], [ 23177, [ 2 ] ], [ 23178, [ 2 ] ], 
  [ 23179, [ 2, 2 ] ], [ 23180, [ 2, 2 ] ], [ 23181, [ 2, 2 ] ], 
  [ 23182, [ 2, 2 ] ], [ 23183, [ 2, 2 ] ], [ 23184, [ 2, 2 ] ], 
  [ 23185, [ 2, 2 ] ], [ 23186, [ 2, 2 ] ], [ 23187, [ 2, 2 ] ], 
  [ 23188, [ 2, 2 ] ], [ 23189, [ 2, 2 ] ], [ 23190, [ 2, 2 ] ], 
  [ 23191, [ 2 ] ], [ 23192, [ 2 ] ], [ 23193, [ 2 ] ], [ 23194, [ 2 ] ], 
  [ 23195, [ 2 ] ], [ 23196, [ 2 ] ], [ 23197, [ 2, 2 ] ], 
  [ 23198, [ 2, 2 ] ], [ 23199, [ 2, 2 ] ], [ 23200, [ 2, 2 ] ], 
  [ 23201, [ 2, 2 ] ], [ 23202, [ 2, 2 ] ], [ 23203, [ 2, 2 ] ], 
  [ 23204, [ 2, 2 ] ], [ 23205, [ 2, 2 ] ], [ 23206, [ 2 ] ], 
  [ 23207, [ 2 ] ], [ 23208, [ 2 ] ], [ 23209, [ 2 ] ], [ 23210, [ 2, 2 ] ], 
  [ 23211, [ 2, 2 ] ], [ 23212, [ 2, 2 ] ], [ 23213, [ 2, 2 ] ], 
  [ 23214, [ 2, 2 ] ], [ 23215, [ 2, 2 ] ], [ 23216, [ 2 ] ], 
  [ 23217, [ 2 ] ], [ 23218, [ 2 ] ], [ 23219, [ 2 ] ], [ 23220, [ 2, 2 ] ], 
  [ 23221, [ 2, 2 ] ], [ 23222, [ 2, 2 ] ], [ 23223, [ 2, 2 ] ], 
  [ 23224, [ 2 ] ], [ 23225, [ 2 ] ], [ 23226, [ 2 ] ], [ 23227, [ 2 ] ], 
  [ 23228, [ 2 ] ], [ 23229, [ 2 ] ], [ 23230, [ 2 ] ], [ 23231, [ 2 ] ], 
  [ 23232, [ 2 ] ], [ 23233, [ 2, 2 ] ], [ 23234, [ 2, 2 ] ], 
  [ 23235, [ 2, 2 ] ], [ 23236, [ 2, 2 ] ], [ 23237, [ 2, 2 ] ], 
  [ 23238, [ 2, 2 ] ], [ 23239, [ 2, 2 ] ], [ 23240, [ 2, 2 ] ], 
  [ 23241, [ 2, 2 ] ], [ 23242, [ 2, 2 ] ], [ 23243, [ 2, 2 ] ], 
  [ 23244, [ 2, 2 ] ], [ 23245, [ 2, 2 ] ], [ 23246, [ 2 ] ], 
  [ 23247, [ 2 ] ], [ 23248, [ 2 ] ], [ 23249, [ 2 ] ], [ 23250, [ 2 ] ], 
  [ 23251, [ 2 ] ], [ 23252, [ 2 ] ], [ 23253, [ 2, 2 ] ], 
  [ 23254, [ 2, 2 ] ], [ 23255, [ 2, 2 ] ], [ 23256, [ 2, 2 ] ], 
  [ 23257, [ 2, 2 ] ], [ 23258, [ 2, 2 ] ], [ 23259, [ 2, 2 ] ], 
  [ 23260, [ 2, 2 ] ], [ 23261, [ 2, 2 ] ], [ 23262, [ 2, 2 ] ], 
  [ 23263, [ 2, 2 ] ], [ 23264, [ 2 ] ], [ 23265, [ 2 ] ], [ 23266, [ 2 ] ], 
  [ 23267, [ 2 ] ], [ 23268, [ 2 ] ], [ 23269, [ 2 ] ], [ 23270, [ 2 ] ], 
  [ 23271, [ 2, 2 ] ], [ 23272, [ 2, 2 ] ], [ 23273, [ 2, 2 ] ], 
  [ 23274, [ 2, 2 ] ], [ 23275, [ 2, 2 ] ], [ 23276, [ 2, 2 ] ], 
  [ 23277, [ 2, 2 ] ], [ 23278, [ 2, 2 ] ], [ 23279, [ 2 ] ], 
  [ 23280, [ 2 ] ], [ 23281, [ 2 ] ], [ 23282, [ 2 ] ], [ 23283, [ 2, 2 ] ], 
  [ 23284, [ 2, 2 ] ], [ 23285, [ 2, 2 ] ], [ 23286, [ 2, 2 ] ], 
  [ 23287, [ 2, 2 ] ], [ 23288, [ 2, 2 ] ], [ 23289, [ 2, 2 ] ], 
  [ 23290, [ 2, 2 ] ], [ 23291, [ 2, 2 ] ], [ 23292, [ 2 ] ], 
  [ 23293, [ 2 ] ], [ 23294, [ 2 ] ], [ 23295, [ 2 ] ], [ 23296, [ 2 ] ], 
  [ 23297, [ 2, 2 ] ], [ 23298, [ 2, 2 ] ], [ 23299, [ 2, 2 ] ], 
  [ 23300, [ 2, 2 ] ], [ 23301, [ 2, 2 ] ], [ 23302, [ 2, 2 ] ], 
  [ 23303, [ 2, 2 ] ], [ 23304, [ 2 ] ], [ 23305, [ 2 ] ], [ 23306, [ 2 ] ], 
  [ 23307, [ 2 ] ], [ 23308, [ 2 ] ], [ 23309, [ 2 ] ], [ 23310, [ 2, 2 ] ], 
  [ 23311, [ 2, 2 ] ], [ 23312, [ 2, 2 ] ], [ 23313, [ 2, 2 ] ], 
  [ 23314, [ 2, 2 ] ], [ 23315, [ 2, 2 ] ], [ 23316, [ 2, 2 ] ], 
  [ 23317, [ 2, 2 ] ], [ 23318, [ 2, 2 ] ], [ 23319, [ 2, 2 ] ], 
  [ 23320, [ 2, 2 ] ], [ 23321, [ 2, 2 ] ], [ 23322, [ 2, 2 ] ], 
  [ 23323, [ 2, 2 ] ], [ 23324, [ 2 ] ], [ 23325, [ 2 ] ], [ 23326, [ 2 ] ], 
  [ 23327, [ 2 ] ], [ 23328, [ 2 ] ], [ 23329, [ 2 ] ], [ 23330, [ 2, 2 ] ], 
  [ 23331, [ 2, 2 ] ], [ 23332, [ 2, 2 ] ], [ 23333, [ 2, 2 ] ], 
  [ 23334, [ 2, 2 ] ], [ 23335, [ 2, 2 ] ], [ 23336, [ 2, 2 ] ], 
  [ 23337, [ 2, 2 ] ], [ 23338, [ 2, 2 ] ], [ 23339, [ 2, 2 ] ], 
  [ 23340, [ 2, 2 ] ], [ 23341, [ 2, 2 ] ], [ 23342, [ 2, 2 ] ], 
  [ 23343, [ 2, 2 ] ], [ 23344, [ 2 ] ], [ 23345, [ 2 ] ], [ 23346, [ 2 ] ], 
  [ 23347, [ 2 ] ], [ 23348, [ 2 ] ], [ 23349, [ 2 ] ], [ 23350, [ 2, 2 ] ], 
  [ 23351, [ 2, 2 ] ], [ 23352, [ 2, 2 ] ], [ 23353, [ 2, 2 ] ], 
  [ 23354, [ 2, 2 ] ], [ 23355, [ 2, 2 ] ], [ 23356, [ 2, 2 ] ], 
  [ 23357, [ 2, 2 ] ], [ 23358, [ 2, 2 ] ], [ 23359, [ 2, 2 ] ], 
  [ 23360, [ 2, 2 ] ], [ 23361, [ 2, 2 ] ], [ 23362, [ 2, 2 ] ], 
  [ 23363, [ 2, 2 ] ], [ 23364, [ 2 ] ], [ 23365, [ 2 ] ], [ 23366, [ 2 ] ], 
  [ 23367, [ 2 ] ], [ 23368, [ 2 ] ], [ 23369, [ 2 ] ], [ 23370, [ 2, 2 ] ], 
  [ 23371, [ 2, 2 ] ], [ 23372, [ 2, 2 ] ], [ 23373, [ 2, 2 ] ], 
  [ 23374, [ 2, 2 ] ], [ 23375, [ 2, 2 ] ], [ 23376, [ 2, 2 ] ], 
  [ 23377, [ 2, 2 ] ], [ 23378, [ 2, 2 ] ], [ 23379, [ 2, 2 ] ], 
  [ 23380, [ 2, 2 ] ], [ 23381, [ 2, 2 ] ], [ 23382, [ 2, 2 ] ], 
  [ 23383, [ 2, 2 ] ], [ 23400, [ 2 ] ], [ 23401, [ 2 ] ], [ 23402, [ 2 ] ], 
  [ 23403, [ 2 ] ], [ 23404, [ 2 ] ], [ 23405, [ 2 ] ], [ 23406, [ 2 ] ], 
  [ 23407, [ 2 ] ], [ 23408, [ 2 ] ], [ 23409, [ 2 ] ], [ 23410, [ 2 ] ], 
  [ 23411, [ 2 ] ], [ 23412, [ 2 ] ], [ 23413, [ 2 ] ], [ 23414, [ 2 ] ], 
  [ 23415, [ 2 ] ], [ 23448, [ 2 ] ], [ 23449, [ 2 ] ], [ 23450, [ 2 ] ], 
  [ 23451, [ 2 ] ], [ 23452, [ 2 ] ], [ 23453, [ 2 ] ], [ 23454, [ 2 ] ], 
  [ 23455, [ 2 ] ], [ 23456, [ 2 ] ], [ 23457, [ 2 ] ], [ 23458, [ 2 ] ], 
  [ 23459, [ 2 ] ], [ 23460, [ 2 ] ], [ 23461, [ 2 ] ], [ 23462, [ 2 ] ], 
  [ 23463, [ 2 ] ], [ 23478, [ 2 ] ], [ 23479, [ 2 ] ], [ 23480, [ 2 ] ], 
  [ 23481, [ 2 ] ], [ 23482, [ 2 ] ], [ 23483, [ 2 ] ], [ 23497, [ 2 ] ], 
  [ 23498, [ 2 ] ], [ 23499, [ 2 ] ], [ 23500, [ 2 ] ], [ 23501, [ 2 ] ], 
  [ 23502, [ 2 ] ], [ 23503, [ 2 ] ], [ 23504, [ 2 ] ], [ 23505, [ 2 ] ], 
  [ 23506, [ 2 ] ], [ 23523, [ 2 ] ], [ 23524, [ 2 ] ], [ 23525, [ 2 ] ], 
  [ 23526, [ 2 ] ], [ 23527, [ 2 ] ], [ 23528, [ 2 ] ], [ 23529, [ 2 ] ], 
  [ 23530, [ 2 ] ], [ 23531, [ 2 ] ], [ 23532, [ 2 ] ], [ 23533, [ 2 ] ], 
  [ 23534, [ 2 ] ], [ 23535, [ 2 ] ], [ 23536, [ 2 ] ], [ 23537, [ 2 ] ], 
  [ 23538, [ 2 ] ], [ 23561, [ 2 ] ], [ 23562, [ 2 ] ], [ 23563, [ 2 ] ], 
  [ 23564, [ 2 ] ], [ 23565, [ 2 ] ], [ 23566, [ 2 ] ], [ 23567, [ 2 ] ], 
  [ 23568, [ 2 ] ], [ 23569, [ 2 ] ], [ 23570, [ 2 ] ], [ 23571, [ 2 ] ], 
  [ 23572, [ 2 ] ], [ 23573, [ 2 ] ], [ 23574, [ 2 ] ], [ 23575, [ 2 ] ], 
  [ 23576, [ 2 ] ], [ 23593, [ 2 ] ], [ 23594, [ 2 ] ], [ 23595, [ 2 ] ], 
  [ 23596, [ 2 ] ], [ 23597, [ 2 ] ], [ 23598, [ 2 ] ], [ 23599, [ 2 ] ], 
  [ 23600, [ 2 ] ], [ 23601, [ 2 ] ], [ 23602, [ 2 ] ], [ 23603, [ 2 ] ], 
  [ 23604, [ 2 ] ], [ 23605, [ 2 ] ], [ 23606, [ 2 ] ], [ 23607, [ 2 ] ], 
  [ 23608, [ 2 ] ], [ 23633, [ 2 ] ], [ 23634, [ 2 ] ], [ 23635, [ 2 ] ], 
  [ 23636, [ 2 ] ], [ 23637, [ 2 ] ], [ 23638, [ 2 ] ], [ 23639, [ 2 ] ], 
  [ 23640, [ 2 ] ], [ 23641, [ 2 ] ], [ 23642, [ 2 ] ], [ 23643, [ 2 ] ], 
  [ 23644, [ 2 ] ], [ 23645, [ 2 ] ], [ 23646, [ 2 ] ], [ 23647, [ 2 ] ], 
  [ 23648, [ 2 ] ], [ 23665, [ 2 ] ], [ 23666, [ 2 ] ], [ 23667, [ 2 ] ], 
  [ 23668, [ 2 ] ], [ 23669, [ 2 ] ], [ 23670, [ 2 ] ], [ 23671, [ 2 ] ], 
  [ 23672, [ 2 ] ], [ 23673, [ 2 ] ], [ 23674, [ 2 ] ], [ 23675, [ 2 ] ], 
  [ 23676, [ 2 ] ], [ 23677, [ 2 ] ], [ 23678, [ 2 ] ], [ 23679, [ 2 ] ], 
  [ 23680, [ 2 ] ], [ 23705, [ 2 ] ], [ 23706, [ 2 ] ], [ 23707, [ 2 ] ], 
  [ 23708, [ 2 ] ], [ 23709, [ 2 ] ], [ 23710, [ 2 ] ], [ 23711, [ 2 ] ], 
  [ 23712, [ 2 ] ], [ 23713, [ 2 ] ], [ 23714, [ 2 ] ], [ 23715, [ 2 ] ], 
  [ 23716, [ 2 ] ], [ 23717, [ 2 ] ], [ 23718, [ 2 ] ], [ 23719, [ 2 ] ], 
  [ 23720, [ 2 ] ], [ 23737, [ 2 ] ], [ 23738, [ 2 ] ], [ 23739, [ 2 ] ], 
  [ 23740, [ 2 ] ], [ 23741, [ 2 ] ], [ 23742, [ 2 ] ], [ 23743, [ 2 ] ], 
  [ 23744, [ 2 ] ], [ 23745, [ 2 ] ], [ 23746, [ 2 ] ], [ 23747, [ 2 ] ], 
  [ 23748, [ 2 ] ], [ 23749, [ 2 ] ], [ 23750, [ 2 ] ], [ 23751, [ 2 ] ], 
  [ 23752, [ 2 ] ], [ 23777, [ 2 ] ], [ 23778, [ 2 ] ], [ 23779, [ 2 ] ], 
  [ 23780, [ 2 ] ], [ 23781, [ 2 ] ], [ 23782, [ 2 ] ], [ 23783, [ 2 ] ], 
  [ 23784, [ 2 ] ], [ 23785, [ 2 ] ], [ 23786, [ 2 ] ], [ 23787, [ 2 ] ], 
  [ 23788, [ 2 ] ], [ 23789, [ 2 ] ], [ 23790, [ 2 ] ], [ 23791, [ 2 ] ], 
  [ 23792, [ 2 ] ], [ 23809, [ 2 ] ], [ 23810, [ 2 ] ], [ 23811, [ 2 ] ], 
  [ 23812, [ 2 ] ], [ 23813, [ 2 ] ], [ 23814, [ 2 ] ], [ 23815, [ 2 ] ], 
  [ 23816, [ 2 ] ], [ 23817, [ 2 ] ], [ 23818, [ 2 ] ], [ 23819, [ 2 ] ], 
  [ 23820, [ 2 ] ], [ 23821, [ 2 ] ], [ 23822, [ 2 ] ], [ 23823, [ 2 ] ], 
  [ 23824, [ 2 ] ], [ 23843, [ 2 ] ], [ 23844, [ 2 ] ], [ 23845, [ 2 ] ], 
  [ 23846, [ 2 ] ], [ 23847, [ 2 ] ], [ 23848, [ 2 ] ], [ 23849, [ 2 ] ], 
  [ 23850, [ 2 ] ], [ 23851, [ 2 ] ], [ 23852, [ 2 ] ], [ 23878, [ 2 ] ], 
  [ 23879, [ 2 ] ], [ 23880, [ 2 ] ], [ 23881, [ 2 ] ], [ 23882, [ 2 ] ], 
  [ 23883, [ 2 ] ], [ 23884, [ 2 ] ], [ 23885, [ 2 ] ], [ 23886, [ 2 ] ], 
  [ 23887, [ 2 ] ], [ 23888, [ 2 ] ], [ 23889, [ 2 ] ], [ 23890, [ 2 ] ], 
  [ 23891, [ 2 ] ], [ 23892, [ 2 ] ], [ 23893, [ 2 ] ], [ 23910, [ 2 ] ], 
  [ 23911, [ 2 ] ], [ 23912, [ 2 ] ], [ 23913, [ 2 ] ], [ 23914, [ 2 ] ], 
  [ 23915, [ 2 ] ], [ 23916, [ 2 ] ], [ 23917, [ 2 ] ], [ 23918, [ 2 ] ], 
  [ 23919, [ 2 ] ], [ 23920, [ 2 ] ], [ 23921, [ 2 ] ], [ 23922, [ 2 ] ], 
  [ 23923, [ 2 ] ], [ 23924, [ 2 ] ], [ 23925, [ 2 ] ], [ 23950, [ 2 ] ], 
  [ 23951, [ 2 ] ], [ 23952, [ 2 ] ], [ 23953, [ 2 ] ], [ 23954, [ 2 ] ], 
  [ 23955, [ 2 ] ], [ 23956, [ 2 ] ], [ 23957, [ 2 ] ], [ 23958, [ 2 ] ], 
  [ 23959, [ 2 ] ], [ 23960, [ 2 ] ], [ 23961, [ 2 ] ], [ 23962, [ 2 ] ], 
  [ 23963, [ 2 ] ], [ 23964, [ 2 ] ], [ 23965, [ 2 ] ], [ 23988, [ 2 ] ], 
  [ 23989, [ 2 ] ], [ 23990, [ 2 ] ], [ 23991, [ 2 ] ], [ 23992, [ 2 ] ], 
  [ 23993, [ 2 ] ], [ 23994, [ 2 ] ], [ 23995, [ 2 ] ], [ 23996, [ 2 ] ], 
  [ 23997, [ 2 ] ], [ 23998, [ 2 ] ], [ 23999, [ 2 ] ], [ 24000, [ 2 ] ], 
  [ 24001, [ 2 ] ], [ 24002, [ 2 ] ], [ 24003, [ 2 ] ], [ 24020, [ 2 ] ], 
  [ 24021, [ 2 ] ], [ 24022, [ 2 ] ], [ 24023, [ 2 ] ], [ 24024, [ 2 ] ], 
  [ 24025, [ 2 ] ], [ 24026, [ 2 ] ], [ 24027, [ 2 ] ], [ 24028, [ 2 ] ], 
  [ 24029, [ 2 ] ], [ 24030, [ 2 ] ], [ 24031, [ 2 ] ], [ 24032, [ 2 ] ], 
  [ 24033, [ 2 ] ], [ 24034, [ 2 ] ], [ 24035, [ 2 ] ], [ 24040, [ 2 ] ], 
  [ 24041, [ 2 ] ], [ 24042, [ 2 ] ], [ 24043, [ 2 ] ], [ 24051, [ 2 ] ], 
  [ 24052, [ 2 ] ], [ 24053, [ 2 ] ], [ 24054, [ 2 ] ], [ 24055, [ 2 ] ], 
  [ 24056, [ 2 ] ], [ 24057, [ 2 ] ], [ 24061, [ 2 ] ], [ 24062, [ 2 ] ], 
  [ 24063, [ 2 ] ], [ 24065, [ 2 ] ], [ 24082, [ 2 ] ], [ 24083, [ 2 ] ], 
  [ 24084, [ 2 ] ], [ 24085, [ 2 ] ], [ 24086, [ 2 ] ], [ 24087, [ 2 ] ], 
  [ 24088, [ 2 ] ], [ 24089, [ 2 ] ], [ 24090, [ 2 ] ], [ 24091, [ 2 ] ], 
  [ 24092, [ 2 ] ], [ 24093, [ 2 ] ], [ 24094, [ 2 ] ], [ 24095, [ 2 ] ], 
  [ 24096, [ 2 ] ], [ 24097, [ 2 ] ], [ 24101, [ 2 ] ], [ 24102, [ 2 ] ], 
  [ 24103, [ 2 ] ], [ 24120, [ 2 ] ], [ 24121, [ 2 ] ], [ 24122, [ 2 ] ], 
  [ 24123, [ 2 ] ], [ 24124, [ 2 ] ], [ 24125, [ 2 ] ], [ 24126, [ 2 ] ], 
  [ 24127, [ 2 ] ], [ 24128, [ 2 ] ], [ 24129, [ 2 ] ], [ 24130, [ 2 ] ], 
  [ 24131, [ 2 ] ], [ 24132, [ 2 ] ], [ 24133, [ 2 ] ], [ 24134, [ 2 ] ], 
  [ 24135, [ 2 ] ], [ 24152, [ 2 ] ], [ 24153, [ 2 ] ], [ 24154, [ 2 ] ], 
  [ 24155, [ 2 ] ], [ 24156, [ 2 ] ], [ 24157, [ 2 ] ], [ 24158, [ 2 ] ], 
  [ 24159, [ 2 ] ], [ 24160, [ 2 ] ], [ 24161, [ 2 ] ], [ 24162, [ 2 ] ], 
  [ 24163, [ 2 ] ], [ 24164, [ 2 ] ], [ 24165, [ 2 ] ], [ 24166, [ 2 ] ], 
  [ 24167, [ 2 ] ], [ 24172, [ 2 ] ], [ 24173, [ 2 ] ], [ 24174, [ 2 ] ], 
  [ 24175, [ 2 ] ], [ 24186, [ 2 ] ], [ 24187, [ 2 ] ], [ 24188, [ 2 ] ], 
  [ 24189, [ 2 ] ], [ 24190, [ 2 ] ], [ 24191, [ 2 ] ], [ 24192, [ 2 ] ], 
  [ 24193, [ 2 ] ], [ 24194, [ 2 ] ], [ 24195, [ 2 ] ], [ 24206, [ 2 ] ], 
  [ 24207, [ 2 ] ], [ 24208, [ 2 ] ], [ 24209, [ 2 ] ], [ 24210, [ 2 ] ], 
  [ 24211, [ 2 ] ], [ 24212, [ 2 ] ], [ 24213, [ 2 ] ], [ 24214, [ 2 ] ], 
  [ 24215, [ 2 ] ], [ 24219, [ 2 ] ], [ 24220, [ 2 ] ], [ 24221, [ 2 ] ], 
  [ 24232, [ 2 ] ], [ 24233, [ 2 ] ], [ 24234, [ 2 ] ], [ 24235, [ 2 ] ], 
  [ 24236, [ 2 ] ], [ 24237, [ 2 ] ], [ 24238, [ 2 ] ], [ 24239, [ 2 ] ], 
  [ 24240, [ 2 ] ], [ 24241, [ 2 ] ], [ 24245, [ 2 ] ], [ 24246, [ 2 ] ], 
  [ 24247, [ 2 ] ], [ 24258, [ 2 ] ], [ 24259, [ 2 ] ], [ 24260, [ 2 ] ], 
  [ 24261, [ 2 ] ], [ 24262, [ 2 ] ], [ 24263, [ 2 ] ], [ 24264, [ 2 ] ], 
  [ 24265, [ 2 ] ], [ 24266, [ 2 ] ], [ 24267, [ 2 ] ], [ 24268, [ 2 ] ], 
  [ 24290, [ 2 ] ], [ 24291, [ 2 ] ], [ 24292, [ 2 ] ], [ 24293, [ 2 ] ], 
  [ 24294, [ 2 ] ], [ 24295, [ 2 ] ], [ 24296, [ 2 ] ], [ 24297, [ 2 ] ], 
  [ 24298, [ 2 ] ], [ 24299, [ 2 ] ], [ 24300, [ 2 ] ], [ 24301, [ 2 ] ], 
  [ 24302, [ 2 ] ], [ 24303, [ 2 ] ], [ 24304, [ 2 ] ], [ 24305, [ 2 ] ], 
  [ 24322, [ 2 ] ], [ 24323, [ 2 ] ], [ 24324, [ 2 ] ], [ 24325, [ 2 ] ], 
  [ 24326, [ 2 ] ], [ 24327, [ 2 ] ], [ 24328, [ 2 ] ], [ 24329, [ 2 ] ], 
  [ 24330, [ 2 ] ], [ 24331, [ 2 ] ], [ 24332, [ 2 ] ], [ 24333, [ 2 ] ], 
  [ 24334, [ 2 ] ], [ 24335, [ 2 ] ], [ 24336, [ 2 ] ], [ 24337, [ 2 ] ], 
  [ 24354, [ 2 ] ], [ 24355, [ 2 ] ], [ 24356, [ 2 ] ], [ 24357, [ 2 ] ], 
  [ 24358, [ 2 ] ], [ 24359, [ 2 ] ], [ 24360, [ 2 ] ], [ 24361, [ 2 ] ], 
  [ 24362, [ 2 ] ], [ 24363, [ 2 ] ], [ 24364, [ 2 ] ], [ 24365, [ 2 ] ], 
  [ 24366, [ 2 ] ], [ 24367, [ 2 ] ], [ 24368, [ 2 ] ], [ 24369, [ 2 ] ], 
  [ 24386, [ 2 ] ], [ 24387, [ 2 ] ], [ 24388, [ 2 ] ], [ 24389, [ 2 ] ], 
  [ 24390, [ 2 ] ], [ 24391, [ 2 ] ], [ 24392, [ 2 ] ], [ 24393, [ 2 ] ], 
  [ 24394, [ 2 ] ], [ 24395, [ 2 ] ], [ 24396, [ 2 ] ], [ 24397, [ 2 ] ], 
  [ 24398, [ 2 ] ], [ 24399, [ 2 ] ], [ 24400, [ 2 ] ], [ 24401, [ 2 ] ], 
  [ 24426, [ 2 ] ], [ 24427, [ 2 ] ], [ 24428, [ 2 ] ], [ 24429, [ 2 ] ], 
  [ 24430, [ 2 ] ], [ 24431, [ 2 ] ], [ 24432, [ 2 ] ], [ 24433, [ 2 ] ], 
  [ 24434, [ 2 ] ], [ 24435, [ 2 ] ], [ 24436, [ 2 ] ], [ 24437, [ 2 ] ], 
  [ 24438, [ 2 ] ], [ 24439, [ 2 ] ], [ 24440, [ 2 ] ], [ 24441, [ 2 ] ], 
  [ 24458, [ 2 ] ], [ 24459, [ 2 ] ], [ 24460, [ 2 ] ], [ 24461, [ 2 ] ], 
  [ 24462, [ 2 ] ], [ 24463, [ 2 ] ], [ 24464, [ 2 ] ], [ 24465, [ 2 ] ], 
  [ 24466, [ 2 ] ], [ 24467, [ 2 ] ], [ 24468, [ 2 ] ], [ 24469, [ 2 ] ], 
  [ 24470, [ 2 ] ], [ 24471, [ 2 ] ], [ 24472, [ 2 ] ], [ 24473, [ 2 ] ], 
  [ 24490, [ 2 ] ], [ 24491, [ 2 ] ], [ 24492, [ 2 ] ], [ 24493, [ 2 ] ], 
  [ 24494, [ 2 ] ], [ 24495, [ 2 ] ], [ 24496, [ 2 ] ], [ 24497, [ 2 ] ], 
  [ 24498, [ 2 ] ], [ 24499, [ 2 ] ], [ 24500, [ 2 ] ], [ 24501, [ 2 ] ], 
  [ 24502, [ 2 ] ], [ 24503, [ 2 ] ], [ 24504, [ 2 ] ], [ 24505, [ 2 ] ], 
  [ 24522, [ 2 ] ], [ 24523, [ 2 ] ], [ 24524, [ 2 ] ], [ 24525, [ 2 ] ], 
  [ 24526, [ 2 ] ], [ 24527, [ 2 ] ], [ 24528, [ 2 ] ], [ 24529, [ 2 ] ], 
  [ 24530, [ 2 ] ], [ 24531, [ 2 ] ], [ 24532, [ 2 ] ], [ 24533, [ 2 ] ], 
  [ 24534, [ 2 ] ], [ 24535, [ 2 ] ], [ 24536, [ 2 ] ], [ 24537, [ 2 ] ], 
  [ 24548, [ 2 ] ], [ 24549, [ 2 ] ], [ 24550, [ 2 ] ], [ 24551, [ 2 ] ], 
  [ 24552, [ 2 ] ], [ 24553, [ 2 ] ], [ 24554, [ 2 ] ], [ 24555, [ 2 ] ], 
  [ 24556, [ 2 ] ], [ 24557, [ 2 ] ], [ 24574, [ 2 ] ], [ 24575, [ 2 ] ], 
  [ 24576, [ 2 ] ], [ 24577, [ 2 ] ], [ 24578, [ 2 ] ], [ 24579, [ 2 ] ], 
  [ 24580, [ 2 ] ], [ 24581, [ 2 ] ], [ 24582, [ 2 ] ], [ 24583, [ 2 ] ], 
  [ 24584, [ 2 ] ], [ 24585, [ 2 ] ], [ 24586, [ 2 ] ], [ 24587, [ 2 ] ], 
  [ 24588, [ 2 ] ], [ 24589, [ 2 ] ], [ 24606, [ 2 ] ], [ 24607, [ 2 ] ], 
  [ 24608, [ 2 ] ], [ 24609, [ 2 ] ], [ 24610, [ 2 ] ], [ 24611, [ 2 ] ], 
  [ 24612, [ 2 ] ], [ 24613, [ 2 ] ], [ 24614, [ 2 ] ], [ 24615, [ 2 ] ], 
  [ 24616, [ 2 ] ], [ 24617, [ 2 ] ], [ 24618, [ 2 ] ], [ 24619, [ 2 ] ], 
  [ 24620, [ 2 ] ], [ 24621, [ 2 ] ], [ 24638, [ 2 ] ], [ 24639, [ 2 ] ], 
  [ 24640, [ 2 ] ], [ 24641, [ 2 ] ], [ 24642, [ 2 ] ], [ 24643, [ 2 ] ], 
  [ 24644, [ 2 ] ], [ 24645, [ 2 ] ], [ 24646, [ 2 ] ], [ 24647, [ 2 ] ], 
  [ 24648, [ 2 ] ], [ 24649, [ 2 ] ], [ 24650, [ 2 ] ], [ 24651, [ 2 ] ], 
  [ 24652, [ 2 ] ], [ 24653, [ 2 ] ], [ 24664, [ 2 ] ], [ 24665, [ 2 ] ], 
  [ 24666, [ 2 ] ], [ 24667, [ 2 ] ], [ 24668, [ 2 ] ], [ 24669, [ 2 ] ], 
  [ 24670, [ 2 ] ], [ 24671, [ 2 ] ], [ 24672, [ 2 ] ], [ 24673, [ 2 ] ], 
  [ 24690, [ 2 ] ], [ 24691, [ 2 ] ], [ 24692, [ 2 ] ], [ 24693, [ 2 ] ], 
  [ 24694, [ 2 ] ], [ 24695, [ 2 ] ], [ 24696, [ 2 ] ], [ 24697, [ 2 ] ], 
  [ 24698, [ 2 ] ], [ 24699, [ 2 ] ], [ 24700, [ 2 ] ], [ 24701, [ 2 ] ], 
  [ 24702, [ 2 ] ], [ 24703, [ 2 ] ], [ 24704, [ 2 ] ], [ 24705, [ 2 ] ], 
  [ 24716, [ 2 ] ], [ 24717, [ 2 ] ], [ 24718, [ 2 ] ], [ 24719, [ 2 ] ], 
  [ 24720, [ 2 ] ], [ 24721, [ 2 ] ], [ 24722, [ 2 ] ], [ 24723, [ 2 ] ], 
  [ 24724, [ 2 ] ], [ 24725, [ 2 ] ], [ 24742, [ 2 ] ], [ 24743, [ 2 ] ], 
  [ 24744, [ 2 ] ], [ 24745, [ 2 ] ], [ 24746, [ 2 ] ], [ 24747, [ 2 ] ], 
  [ 24748, [ 2 ] ], [ 24749, [ 2 ] ], [ 24750, [ 2 ] ], [ 24751, [ 2 ] ], 
  [ 24752, [ 2 ] ], [ 24753, [ 2 ] ], [ 24754, [ 2 ] ], [ 24755, [ 2 ] ], 
  [ 24756, [ 2 ] ], [ 24757, [ 2 ] ], [ 24774, [ 2 ] ], [ 24775, [ 2 ] ], 
  [ 24776, [ 2 ] ], [ 24777, [ 2 ] ], [ 24778, [ 2 ] ], [ 24779, [ 2 ] ], 
  [ 24780, [ 2 ] ], [ 24781, [ 2 ] ], [ 24782, [ 2 ] ], [ 24783, [ 2 ] ], 
  [ 24784, [ 2 ] ], [ 24785, [ 2 ] ], [ 24786, [ 2 ] ], [ 24787, [ 2 ] ], 
  [ 24788, [ 2 ] ], [ 24789, [ 2 ] ], [ 24806, [ 2 ] ], [ 24807, [ 2 ] ], 
  [ 24808, [ 2 ] ], [ 24809, [ 2 ] ], [ 24810, [ 2 ] ], [ 24811, [ 2 ] ], 
  [ 24812, [ 2 ] ], [ 24813, [ 2 ] ], [ 24814, [ 2 ] ], [ 24815, [ 2 ] ], 
  [ 24816, [ 2 ] ], [ 24817, [ 2 ] ], [ 24818, [ 2 ] ], [ 24819, [ 2 ] ], 
  [ 24820, [ 2 ] ], [ 24821, [ 2 ] ], [ 24838, [ 2 ] ], [ 24839, [ 2 ] ], 
  [ 24840, [ 2 ] ], [ 24841, [ 2 ] ], [ 24842, [ 2 ] ], [ 24843, [ 2 ] ], 
  [ 24844, [ 2 ] ], [ 24845, [ 2 ] ], [ 24846, [ 2 ] ], [ 24847, [ 2 ] ], 
  [ 24848, [ 2 ] ], [ 24849, [ 2 ] ], [ 24850, [ 2 ] ], [ 24851, [ 2 ] ], 
  [ 24852, [ 2 ] ], [ 24853, [ 2 ] ], [ 24870, [ 2 ] ], [ 24871, [ 2 ] ], 
  [ 24872, [ 2 ] ], [ 24873, [ 2 ] ], [ 24874, [ 2 ] ], [ 24875, [ 2 ] ], 
  [ 24876, [ 2 ] ], [ 24877, [ 2 ] ], [ 24878, [ 2 ] ], [ 24879, [ 2 ] ], 
  [ 24880, [ 2 ] ], [ 24881, [ 2 ] ], [ 24882, [ 2 ] ], [ 24883, [ 2 ] ], 
  [ 24884, [ 2 ] ], [ 24885, [ 2 ] ], [ 24902, [ 2 ] ], [ 24903, [ 2 ] ], 
  [ 24904, [ 2 ] ], [ 24905, [ 2 ] ], [ 24906, [ 2 ] ], [ 24907, [ 2 ] ], 
  [ 24908, [ 2 ] ], [ 24909, [ 2 ] ], [ 24910, [ 2 ] ], [ 24911, [ 2 ] ], 
  [ 24912, [ 2 ] ], [ 24913, [ 2 ] ], [ 24914, [ 2 ] ], [ 24915, [ 2 ] ], 
  [ 24916, [ 2 ] ], [ 24917, [ 2 ] ], [ 24934, [ 2 ] ], [ 24935, [ 2 ] ], 
  [ 24936, [ 2 ] ], [ 24937, [ 2 ] ], [ 24938, [ 2 ] ], [ 24939, [ 2 ] ], 
  [ 24940, [ 2 ] ], [ 24941, [ 2 ] ], [ 24942, [ 2 ] ], [ 24943, [ 2 ] ], 
  [ 24944, [ 2 ] ], [ 24945, [ 2 ] ], [ 24946, [ 2 ] ], [ 24947, [ 2 ] ], 
  [ 24948, [ 2 ] ], [ 24949, [ 2 ] ], [ 24966, [ 2 ] ], [ 24967, [ 2 ] ], 
  [ 24968, [ 2 ] ], [ 24969, [ 2 ] ], [ 24970, [ 2 ] ], [ 24971, [ 2 ] ], 
  [ 24972, [ 2 ] ], [ 24973, [ 2 ] ], [ 24974, [ 2 ] ], [ 24975, [ 2 ] ], 
  [ 24976, [ 2 ] ], [ 24977, [ 2 ] ], [ 24978, [ 2 ] ], [ 24979, [ 2 ] ], 
  [ 24980, [ 2 ] ], [ 24981, [ 2 ] ], [ 24998, [ 2 ] ], [ 24999, [ 2 ] ], 
  [ 25000, [ 2 ] ], [ 25001, [ 2 ] ], [ 25002, [ 2 ] ], [ 25003, [ 2 ] ], 
  [ 25004, [ 2 ] ], [ 25005, [ 2 ] ], [ 25006, [ 2 ] ], [ 25007, [ 2 ] ], 
  [ 25008, [ 2 ] ], [ 25009, [ 2 ] ], [ 25010, [ 2 ] ], [ 25011, [ 2 ] ], 
  [ 25012, [ 2 ] ], [ 25013, [ 2 ] ], [ 25024, [ 2 ] ], [ 25025, [ 2 ] ], 
  [ 25026, [ 2 ] ], [ 25027, [ 2 ] ], [ 25028, [ 2 ] ], [ 25029, [ 2 ] ], 
  [ 25030, [ 2 ] ], [ 25031, [ 2 ] ], [ 25032, [ 2 ] ], [ 25033, [ 2 ] ], 
  [ 25050, [ 2 ] ], [ 25051, [ 2 ] ], [ 25052, [ 2 ] ], [ 25053, [ 2 ] ], 
  [ 25054, [ 2 ] ], [ 25055, [ 2 ] ], [ 25056, [ 2 ] ], [ 25057, [ 2 ] ], 
  [ 25058, [ 2 ] ], [ 25059, [ 2 ] ], [ 25060, [ 2 ] ], [ 25061, [ 2 ] ], 
  [ 25062, [ 2 ] ], [ 25063, [ 2 ] ], [ 25064, [ 2 ] ], [ 25065, [ 2 ] ], 
  [ 25082, [ 2 ] ], [ 25083, [ 2 ] ], [ 25084, [ 2 ] ], [ 25085, [ 2 ] ], 
  [ 25086, [ 2 ] ], [ 25087, [ 2 ] ], [ 25088, [ 2 ] ], [ 25089, [ 2 ] ], 
  [ 25090, [ 2 ] ], [ 25091, [ 2 ] ], [ 25092, [ 2 ] ], [ 25093, [ 2 ] ], 
  [ 25094, [ 2 ] ], [ 25095, [ 2 ] ], [ 25096, [ 2 ] ], [ 25097, [ 2 ] ], 
  [ 25108, [ 2 ] ], [ 25109, [ 2 ] ], [ 25110, [ 2 ] ], [ 25111, [ 2 ] ], 
  [ 25112, [ 2 ] ], [ 25113, [ 2 ] ], [ 25114, [ 2 ] ], [ 25115, [ 2 ] ], 
  [ 25116, [ 2 ] ], [ 25117, [ 2 ] ], [ 25134, [ 2 ] ], [ 25135, [ 2 ] ], 
  [ 25136, [ 2 ] ], [ 25137, [ 2 ] ], [ 25138, [ 2 ] ], [ 25139, [ 2 ] ], 
  [ 25140, [ 2 ] ], [ 25141, [ 2 ] ], [ 25142, [ 2 ] ], [ 25143, [ 2 ] ], 
  [ 25144, [ 2 ] ], [ 25145, [ 2 ] ], [ 25146, [ 2 ] ], [ 25147, [ 2 ] ], 
  [ 25148, [ 2 ] ], [ 25149, [ 2 ] ], [ 25166, [ 2 ] ], [ 25167, [ 2 ] ], 
  [ 25168, [ 2 ] ], [ 25169, [ 2 ] ], [ 25170, [ 2 ] ], [ 25171, [ 2 ] ], 
  [ 25172, [ 2 ] ], [ 25173, [ 2 ] ], [ 25174, [ 2 ] ], [ 25175, [ 2 ] ], 
  [ 25176, [ 2 ] ], [ 25177, [ 2 ] ], [ 25178, [ 2 ] ], [ 25179, [ 2 ] ], 
  [ 25180, [ 2 ] ], [ 25181, [ 2 ] ], [ 25198, [ 2 ] ], [ 25199, [ 2 ] ], 
  [ 25200, [ 2 ] ], [ 25201, [ 2 ] ], [ 25202, [ 2 ] ], [ 25203, [ 2 ] ], 
  [ 25204, [ 2 ] ], [ 25205, [ 2 ] ], [ 25206, [ 2 ] ], [ 25207, [ 2 ] ], 
  [ 25208, [ 2 ] ], [ 25209, [ 2 ] ], [ 25210, [ 2 ] ], [ 25211, [ 2 ] ], 
  [ 25212, [ 2 ] ], [ 25213, [ 2 ] ], [ 25230, [ 2 ] ], [ 25231, [ 2 ] ], 
  [ 25232, [ 2 ] ], [ 25233, [ 2 ] ], [ 25234, [ 2 ] ], [ 25235, [ 2 ] ], 
  [ 25236, [ 2 ] ], [ 25237, [ 2 ] ], [ 25238, [ 2 ] ], [ 25239, [ 2 ] ], 
  [ 25240, [ 2 ] ], [ 25241, [ 2 ] ], [ 25242, [ 2 ] ], [ 25243, [ 2 ] ], 
  [ 25244, [ 2 ] ], [ 25245, [ 2 ] ], [ 25256, [ 2 ] ], [ 25257, [ 2 ] ], 
  [ 25258, [ 2 ] ], [ 25259, [ 2 ] ], [ 25260, [ 2 ] ], [ 25261, [ 2 ] ], 
  [ 25262, [ 2 ] ], [ 25263, [ 2 ] ], [ 25264, [ 2 ] ], [ 25265, [ 2 ] ], 
  [ 25282, [ 2 ] ], [ 25283, [ 2 ] ], [ 25284, [ 2 ] ], [ 25285, [ 2 ] ], 
  [ 25286, [ 2 ] ], [ 25287, [ 2 ] ], [ 25288, [ 2 ] ], [ 25289, [ 2 ] ], 
  [ 25290, [ 2 ] ], [ 25291, [ 2 ] ], [ 25292, [ 2 ] ], [ 25293, [ 2 ] ], 
  [ 25294, [ 2 ] ], [ 25295, [ 2 ] ], [ 25296, [ 2 ] ], [ 25297, [ 2 ] ], 
  [ 25314, [ 2 ] ], [ 25315, [ 2 ] ], [ 25316, [ 2 ] ], [ 25317, [ 2 ] ], 
  [ 25318, [ 2 ] ], [ 25319, [ 2 ] ], [ 25320, [ 2 ] ], [ 25321, [ 2 ] ], 
  [ 25322, [ 2 ] ], [ 25323, [ 2 ] ], [ 25324, [ 2 ] ], [ 25325, [ 2 ] ], 
  [ 25326, [ 2 ] ], [ 25327, [ 2 ] ], [ 25328, [ 2 ] ], [ 25329, [ 2 ] ], 
  [ 25346, [ 2 ] ], [ 25347, [ 2 ] ], [ 25348, [ 2 ] ], [ 25349, [ 2 ] ], 
  [ 25350, [ 2 ] ], [ 25351, [ 2 ] ], [ 25352, [ 2 ] ], [ 25353, [ 2 ] ], 
  [ 25354, [ 2 ] ], [ 25355, [ 2 ] ], [ 25356, [ 2 ] ], [ 25357, [ 2 ] ], 
  [ 25358, [ 2 ] ], [ 25359, [ 2 ] ], [ 25360, [ 2 ] ], [ 25361, [ 2 ] ], 
  [ 25378, [ 2 ] ], [ 25379, [ 2 ] ], [ 25380, [ 2 ] ], [ 25381, [ 2 ] ], 
  [ 25382, [ 2 ] ], [ 25383, [ 2 ] ], [ 25384, [ 2 ] ], [ 25385, [ 2 ] ], 
  [ 25386, [ 2 ] ], [ 25387, [ 2 ] ], [ 25388, [ 2 ] ], [ 25389, [ 2 ] ], 
  [ 25390, [ 2 ] ], [ 25391, [ 2 ] ], [ 25392, [ 2 ] ], [ 25393, [ 2 ] ], 
  [ 25404, [ 2 ] ], [ 25405, [ 2 ] ], [ 25406, [ 2 ] ], [ 25407, [ 2 ] ], 
  [ 25408, [ 2 ] ], [ 25409, [ 2 ] ], [ 25410, [ 2 ] ], [ 25411, [ 2 ] ], 
  [ 25412, [ 2 ] ], [ 25413, [ 2 ] ], [ 25430, [ 2 ] ], [ 25431, [ 2 ] ], 
  [ 25432, [ 2 ] ], [ 25433, [ 2 ] ], [ 25434, [ 2 ] ], [ 25435, [ 2 ] ], 
  [ 25436, [ 2 ] ], [ 25437, [ 2 ] ], [ 25438, [ 2 ] ], [ 25439, [ 2 ] ], 
  [ 25440, [ 2 ] ], [ 25441, [ 2 ] ], [ 25442, [ 2 ] ], [ 25443, [ 2 ] ], 
  [ 25444, [ 2 ] ], [ 25445, [ 2 ] ], [ 25453, [ 2 ] ], [ 25454, [ 2 ] ], 
  [ 25455, [ 2 ] ], [ 25456, [ 2 ] ], [ 25457, [ 2 ] ], [ 25458, [ 2 ] ], 
  [ 25459, [ 2 ] ], [ 25476, [ 2 ] ], [ 25477, [ 2 ] ], [ 25478, [ 2 ] ], 
  [ 25479, [ 2 ] ], [ 25480, [ 2 ] ], [ 25481, [ 2 ] ], [ 25482, [ 2 ] ], 
  [ 25483, [ 2 ] ], [ 25484, [ 2 ] ], [ 25485, [ 2 ] ], [ 25486, [ 2 ] ], 
  [ 25487, [ 2 ] ], [ 25488, [ 2 ] ], [ 25489, [ 2 ] ], [ 25490, [ 2 ] ], 
  [ 25491, [ 2 ] ], [ 25502, [ 2 ] ], [ 25503, [ 2 ] ], [ 25504, [ 2 ] ], 
  [ 25505, [ 2 ] ], [ 25506, [ 2 ] ], [ 25507, [ 2 ] ], [ 25508, [ 2 ] ], 
  [ 25509, [ 2 ] ], [ 25510, [ 2 ] ], [ 25511, [ 2 ] ], [ 25522, [ 2 ] ], 
  [ 25523, [ 2 ] ], [ 25524, [ 2 ] ], [ 25525, [ 2 ] ], [ 25526, [ 2 ] ], 
  [ 25527, [ 2 ] ], [ 25528, [ 2 ] ], [ 25529, [ 2 ] ], [ 25530, [ 2 ] ], 
  [ 25531, [ 2 ] ], [ 25542, [ 2 ] ], [ 25543, [ 2 ] ], [ 25544, [ 2 ] ], 
  [ 25545, [ 2 ] ], [ 25546, [ 2 ] ], [ 25547, [ 2 ] ], [ 25548, [ 2 ] ], 
  [ 25549, [ 2 ] ], [ 25550, [ 2 ] ], [ 25551, [ 2 ] ], [ 25568, [ 2 ] ], 
  [ 25569, [ 2 ] ], [ 25570, [ 2 ] ], [ 25571, [ 2 ] ], [ 25572, [ 2 ] ], 
  [ 25573, [ 2 ] ], [ 25574, [ 2 ] ], [ 25575, [ 2 ] ], [ 25576, [ 2 ] ], 
  [ 25577, [ 2 ] ], [ 25578, [ 2 ] ], [ 25579, [ 2 ] ], [ 25580, [ 2 ] ], 
  [ 25581, [ 2 ] ], [ 25582, [ 2 ] ], [ 25583, [ 2 ] ], [ 25600, [ 2 ] ], 
  [ 25601, [ 2 ] ], [ 25602, [ 2 ] ], [ 25603, [ 2 ] ], [ 25604, [ 2 ] ], 
  [ 25605, [ 2 ] ], [ 25606, [ 2 ] ], [ 25607, [ 2 ] ], [ 25608, [ 2 ] ], 
  [ 25609, [ 2 ] ], [ 25610, [ 2 ] ], [ 25611, [ 2 ] ], [ 25612, [ 2 ] ], 
  [ 25613, [ 2 ] ], [ 25614, [ 2 ] ], [ 25615, [ 2 ] ], [ 25626, [ 2 ] ], 
  [ 25627, [ 2 ] ], [ 25628, [ 2 ] ], [ 25629, [ 2 ] ], [ 25630, [ 2 ] ], 
  [ 25631, [ 2 ] ], [ 25632, [ 2 ] ], [ 25633, [ 2 ] ], [ 25634, [ 2 ] ], 
  [ 25635, [ 2 ] ], [ 25646, [ 2 ] ], [ 25647, [ 2 ] ], [ 25648, [ 2 ] ], 
  [ 25649, [ 2 ] ], [ 25650, [ 2 ] ], [ 25651, [ 2 ] ], [ 25652, [ 2 ] ], 
  [ 25653, [ 2 ] ], [ 25654, [ 2 ] ], [ 25655, [ 2 ] ], [ 25663, [ 2 ] ], 
  [ 25664, [ 2 ] ], [ 25665, [ 2 ] ], [ 25666, [ 2 ] ], [ 25667, [ 2 ] ], 
  [ 25668, [ 2 ] ], [ 25669, [ 2 ] ], [ 25677, [ 2 ] ], [ 25678, [ 2 ] ], 
  [ 25679, [ 2 ] ], [ 25680, [ 2 ] ], [ 25681, [ 2 ] ], [ 25682, [ 2 ] ], 
  [ 25683, [ 2 ] ], [ 25691, [ 2 ] ], [ 25693, [ 2 ] ], [ 25694, [ 2, 2 ] ], 
  [ 25695, [ 2, 2 ] ], [ 25696, [ 2, 2 ] ], [ 25697, [ 2, 2 ] ], 
  [ 25698, [ 2, 2 ] ], [ 25699, [ 2, 2 ] ], [ 25700, [ 2, 2, 2 ] ], 
  [ 25701, [ 2, 2, 2 ] ], [ 25702, [ 2, 2, 2 ] ], [ 25703, [ 2, 2, 2 ] ], 
  [ 25704, [ 2, 2, 2 ] ], [ 25705, [ 2, 2, 2 ] ], [ 25706, [ 2, 2 ] ], 
  [ 25707, [ 2, 2 ] ], [ 25708, [ 2, 2 ] ], [ 25709, [ 2, 2 ] ], 
  [ 25710, [ 2, 2 ] ], [ 25711, [ 2, 2 ] ], [ 25712, [ 2, 2 ] ], 
  [ 25713, [ 2, 2 ] ], [ 25714, [ 2, 2 ] ], [ 25715, [ 2, 2 ] ], 
  [ 25716, [ 2, 2 ] ], [ 25717, [ 2, 2 ] ], [ 25718, [ 2, 2, 2 ] ], 
  [ 25719, [ 2, 2, 2 ] ], [ 25720, [ 2, 2, 2 ] ], [ 25721, [ 2, 2, 2 ] ], 
  [ 25722, [ 2, 2, 2 ] ], [ 25723, [ 2, 2, 2 ] ], [ 25724, [ 2, 2, 2 ] ], 
  [ 25725, [ 2, 2, 2 ] ], [ 25726, [ 2, 2 ] ], [ 25727, [ 2, 2 ] ], 
  [ 25728, [ 2, 2 ] ], [ 25729, [ 2, 2 ] ], [ 25730, [ 2, 2 ] ], 
  [ 25731, [ 2, 2 ] ], [ 25732, [ 2, 2 ] ], [ 25733, [ 2, 2 ] ], 
  [ 25734, [ 2, 2 ] ], [ 25735, [ 2, 2 ] ], [ 25736, [ 2, 2 ] ], 
  [ 25737, [ 2, 2 ] ], [ 25738, [ 2, 2, 2 ] ], [ 25739, [ 2, 2, 2 ] ], 
  [ 25740, [ 2, 2, 2 ] ], [ 25741, [ 2, 2, 2 ] ], [ 25742, [ 2, 2, 2 ] ], 
  [ 25743, [ 2, 2, 2 ] ], [ 25744, [ 2, 2, 2 ] ], [ 25745, [ 2, 2, 2 ] ], 
  [ 25746, [ 2, 2 ] ], [ 25747, [ 2, 2 ] ], [ 25748, [ 2, 2 ] ], 
  [ 25749, [ 2, 2 ] ], [ 25750, [ 2, 2 ] ], [ 25751, [ 2, 2 ] ], 
  [ 25752, [ 2, 2, 2 ] ], [ 25753, [ 2, 2, 2 ] ], [ 25754, [ 2, 2, 2 ] ], 
  [ 25755, [ 2, 2, 2 ] ], [ 25756, [ 2, 2, 2 ] ], [ 25757, [ 2, 2, 2 ] ], 
  [ 25758, [ 2, 2 ] ], [ 25759, [ 2, 2 ] ], [ 25760, [ 2, 2 ] ], 
  [ 25761, [ 2, 2 ] ], [ 25762, [ 2, 2 ] ], [ 25763, [ 2, 2 ] ], 
  [ 25764, [ 2, 2 ] ], [ 25765, [ 2, 2 ] ], [ 25766, [ 2, 2 ] ], 
  [ 25767, [ 2, 2, 2 ] ], [ 25768, [ 2, 2, 2 ] ], [ 25769, [ 2, 2, 2 ] ], 
  [ 25770, [ 2, 2, 2 ] ], [ 25771, [ 2, 2, 2 ] ], [ 25772, [ 2, 2, 2 ] ], 
  [ 25773, [ 2, 2, 2 ] ], [ 25774, [ 2, 2 ] ], [ 25775, [ 2, 2 ] ], 
  [ 25776, [ 2, 2 ] ], [ 25777, [ 2, 2 ] ], [ 25778, [ 2, 2 ] ], 
  [ 25779, [ 2, 2 ] ], [ 25780, [ 2, 2, 2 ] ], [ 25781, [ 2, 2, 2 ] ], 
  [ 25782, [ 2, 2, 2 ] ], [ 25783, [ 2, 2, 2 ] ], [ 25784, [ 2, 2 ] ], 
  [ 25785, [ 2, 2 ] ], [ 25786, [ 2, 2 ] ], [ 25787, [ 2, 2 ] ], 
  [ 25788, [ 2, 2 ] ], [ 25789, [ 2, 2 ] ], [ 25790, [ 2, 2, 2 ] ], 
  [ 25791, [ 2, 2, 2 ] ], [ 25792, [ 2, 2, 2 ] ], [ 25793, [ 2, 2, 2 ] ], 
  [ 25794, [ 2, 2 ] ], [ 25795, [ 2, 2 ] ], [ 25796, [ 2, 2 ] ], 
  [ 25797, [ 2, 2 ] ], [ 25798, [ 2, 2 ] ], [ 25799, [ 2, 2 ] ], 
  [ 25800, [ 2, 2, 2 ] ], [ 25801, [ 2, 2, 2 ] ], [ 25802, [ 2, 2, 2 ] ], 
  [ 25803, [ 2, 2, 2 ] ], [ 25804, [ 2, 2, 2 ] ], [ 25805, [ 2, 2, 2 ] ], 
  [ 25806, [ 2, 2 ] ], [ 25807, [ 2, 2 ] ], [ 25808, [ 2, 2 ] ], 
  [ 25809, [ 2, 2 ] ], [ 25810, [ 2, 2 ] ], [ 25811, [ 2, 2 ] ], 
  [ 25812, [ 2, 2 ] ], [ 25813, [ 2, 2 ] ], [ 25814, [ 2, 2 ] ], 
  [ 25815, [ 2, 2, 2 ] ], [ 25816, [ 2, 2, 2 ] ], [ 25817, [ 2, 2, 2 ] ], 
  [ 25818, [ 2, 2, 2 ] ], [ 25819, [ 2, 2, 2 ] ], [ 25820, [ 2, 2, 2 ] ], 
  [ 25821, [ 2, 2, 2 ] ], [ 25822, [ 2, 2 ] ], [ 25823, [ 2, 2 ] ], 
  [ 25824, [ 2, 2 ] ], [ 25825, [ 2, 2 ] ], [ 25826, [ 2, 2 ] ], 
  [ 25827, [ 2, 2 ] ], [ 25828, [ 2, 2 ] ], [ 25829, [ 2, 2 ] ], 
  [ 25830, [ 2, 2 ] ], [ 25831, [ 2, 2 ] ], [ 25832, [ 2, 2, 2 ] ], 
  [ 25833, [ 2, 2, 2 ] ], [ 25834, [ 2, 2, 2 ] ], [ 25835, [ 2, 2, 2 ] ], 
  [ 25836, [ 2, 2 ] ], [ 25837, [ 2, 2 ] ], [ 25838, [ 2, 2 ] ], 
  [ 25839, [ 2, 2 ] ], [ 25840, [ 2, 2 ] ], [ 25841, [ 2, 2 ] ], 
  [ 25842, [ 2, 2, 2 ] ], [ 25843, [ 2, 2, 2 ] ], [ 25844, [ 2, 2, 2 ] ], 
  [ 25845, [ 2, 2, 2 ] ], [ 25846, [ 2, 2 ] ], [ 25847, [ 2, 2 ] ], 
  [ 25848, [ 2, 2 ] ], [ 25849, [ 2, 2 ] ], [ 25850, [ 2, 2 ] ], 
  [ 25851, [ 2, 2 ] ], [ 25852, [ 2, 2, 2 ] ], [ 25853, [ 2, 2, 2 ] ], 
  [ 25854, [ 2, 2, 2 ] ], [ 25855, [ 2, 2, 2 ] ], [ 25856, [ 2, 2, 2 ] ], 
  [ 25857, [ 2, 2, 2 ] ], [ 25858, [ 2, 2 ] ], [ 25859, [ 2, 2 ] ], 
  [ 25860, [ 2, 2 ] ], [ 25861, [ 2, 2 ] ], [ 25862, [ 2, 2 ] ], 
  [ 25863, [ 2, 2 ] ], [ 25864, [ 2, 2 ] ], [ 25865, [ 2, 2 ] ], 
  [ 25920, [ 2 ] ], [ 25921, [ 2 ] ], [ 25922, [ 2 ] ], [ 25923, [ 2 ] ], 
  [ 25924, [ 2 ] ], [ 25925, [ 2 ] ], [ 25926, [ 2 ] ], [ 25927, [ 2 ] ], 
  [ 25928, [ 2 ] ], [ 26033, [ 2 ] ], [ 26034, [ 2 ] ], [ 26035, [ 2 ] ], 
  [ 26036, [ 2 ] ], [ 26037, [ 2 ] ], [ 26038, [ 2 ] ], [ 26039, [ 2 ] ], 
  [ 26040, [ 2 ] ], [ 26041, [ 2 ] ], [ 26042, [ 2 ] ], [ 26043, [ 2 ] ], 
  [ 26044, [ 2 ] ], [ 26045, [ 2 ] ], [ 26046, [ 2 ] ], [ 26047, [ 2 ] ], 
  [ 26119, [ 2 ] ], [ 26120, [ 2 ] ], [ 26121, [ 2 ] ], [ 26122, [ 2 ] ], 
  [ 26123, [ 2 ] ], [ 26124, [ 2 ] ], [ 26125, [ 2 ] ], [ 26126, [ 2 ] ], 
  [ 26127, [ 2 ] ], [ 26128, [ 2 ] ], [ 26129, [ 2 ] ], [ 26130, [ 2 ] ], 
  [ 26131, [ 2 ] ], [ 26132, [ 2 ] ], [ 26133, [ 2 ] ], [ 26162, [ 2 ] ], 
  [ 26163, [ 2 ] ], [ 26164, [ 2 ] ], [ 26165, [ 2 ] ], [ 26166, [ 2 ] ], 
  [ 26167, [ 2 ] ], [ 26168, [ 2 ] ], [ 26169, [ 2 ] ], [ 26170, [ 2 ] ], 
  [ 26171, [ 2 ] ], [ 26172, [ 2 ] ], [ 26173, [ 2 ] ], [ 26174, [ 2 ] ], 
  [ 26175, [ 2 ] ], [ 26176, [ 2 ] ], [ 26198, [ 2 ] ], [ 26199, [ 2 ] ], 
  [ 26200, [ 2 ] ], [ 26201, [ 2 ] ], [ 26202, [ 2 ] ], [ 26203, [ 2 ] ], 
  [ 26204, [ 2 ] ], [ 26205, [ 2 ] ], [ 26206, [ 2 ] ], [ 26207, [ 2 ] ], 
  [ 26216, [ 2 ] ], [ 26217, [ 2 ] ], [ 26218, [ 2 ] ], [ 26219, [ 2 ] ], 
  [ 26220, [ 2 ] ], [ 26221, [ 2 ] ], [ 26222, [ 2 ] ], [ 26223, [ 2 ] ], 
  [ 26224, [ 2 ] ], [ 26225, [ 2 ] ], [ 26226, [ 2 ] ], [ 26231, [ 2 ] ], 
  [ 26232, [ 2 ] ], [ 26233, [ 2 ] ], [ 26234, [ 2 ] ], [ 26235, [ 2 ] ], 
  [ 26236, [ 2 ] ], [ 26237, [ 2 ] ], [ 26238, [ 2 ] ], [ 26239, [ 2 ] ], 
  [ 26240, [ 2 ] ], [ 26241, [ 2 ] ], [ 26242, [ 2 ] ], [ 26243, [ 2 ] ], 
  [ 26247, [ 2 ] ], [ 26248, [ 2 ] ], [ 26249, [ 2 ] ], [ 26250, [ 2 ] ], 
  [ 26251, [ 2 ] ], [ 26252, [ 2 ] ], [ 26256, [ 2 ] ], [ 26257, [ 2 ] ], 
  [ 26258, [ 2 ] ], [ 26259, [ 2 ] ], [ 26260, [ 2 ] ], [ 26261, [ 2 ] ], 
  [ 26262, [ 2 ] ], [ 26263, [ 2 ] ], [ 26264, [ 2 ] ], [ 26268, [ 2 ] ], 
  [ 26269, [ 2 ] ], [ 26270, [ 2 ] ], [ 26271, [ 2 ] ], [ 26272, [ 2 ] ], 
  [ 26273, [ 2 ] ], [ 26274, [ 2 ] ], [ 26275, [ 2 ] ], [ 26276, [ 2 ] ], 
  [ 26280, [ 2 ] ], [ 26281, [ 2 ] ], [ 26282, [ 2 ] ], [ 26283, [ 2 ] ], 
  [ 26284, [ 2 ] ], [ 26285, [ 2 ] ], [ 26286, [ 2 ] ], [ 26287, [ 2 ] ], 
  [ 26292, [ 2 ] ], [ 26293, [ 2 ] ], [ 26294, [ 2 ] ], [ 26295, [ 2 ] ], 
  [ 26296, [ 2 ] ], [ 26297, [ 2 ] ], [ 26302, [ 2 ] ], [ 26303, [ 2 ] ], 
  [ 26304, [ 2 ] ], [ 26305, [ 2 ] ], [ 26306, [ 2 ] ], [ 26307, [ 2 ] ], 
  [ 26589, [ 2 ] ], [ 26590, [ 2 ] ], [ 26591, [ 2 ] ], [ 26592, [ 2 ] ], 
  [ 26686, [ 2 ] ], [ 26687, [ 2 ] ], [ 26688, [ 2 ] ], [ 26689, [ 2 ] ], 
  [ 26702, [ 2 ] ], [ 26703, [ 2 ] ], [ 26704, [ 2 ] ], [ 26715, [ 2 ] ], 
  [ 26716, [ 2 ] ], [ 26725, [ 2 ] ], [ 26726, [ 2 ] ], [ 26746, [ 2 ] ], 
  [ 26747, [ 2 ] ], [ 26748, [ 2 ] ], [ 26749, [ 2 ] ], [ 26750, [ 2 ] ], 
  [ 26751, [ 2 ] ], [ 26767, [ 2 ] ], [ 26768, [ 2 ] ], [ 26769, [ 2 ] ], 
  [ 26770, [ 2 ] ], [ 26771, [ 2 ] ], [ 26772, [ 2 ] ], [ 26773, [ 2 ] ], 
  [ 26788, [ 2 ] ], [ 26789, [ 2 ] ], [ 26790, [ 2 ] ], [ 26791, [ 2 ] ], 
  [ 26792, [ 2 ] ], [ 26793, [ 2 ] ], [ 26794, [ 2 ] ], [ 26805, [ 2 ] ], 
  [ 26806, [ 2 ] ], [ 26807, [ 2 ] ], [ 26808, [ 2 ] ], [ 26809, [ 2 ] ], 
  [ 26810, [ 2 ] ], [ 27541, [ 2 ] ], [ 27542, [ 2 ] ], [ 27543, [ 2 ] ], 
  [ 27544, [ 2 ] ], [ 27545, [ 2 ] ], [ 27546, [ 2 ] ], [ 27547, [ 2 ] ], 
  [ 27548, [ 2 ] ], [ 27549, [ 2 ] ], [ 27550, [ 2 ] ], [ 27551, [ 2 ] ], 
  [ 27552, [ 2 ] ], [ 27553, [ 2 ] ], [ 27554, [ 2 ] ], [ 27555, [ 2 ] ], 
  [ 27556, [ 2 ] ], [ 27557, [ 2 ] ], [ 27558, [ 2 ] ], [ 27559, [ 2 ] ], 
  [ 27560, [ 2 ] ], [ 27561, [ 2 ] ], [ 27562, [ 2 ] ], [ 27563, [ 2 ] ], 
  [ 27564, [ 2 ] ], [ 27565, [ 2 ] ], [ 27566, [ 2 ] ], [ 27567, [ 2 ] ], 
  [ 27568, [ 2 ] ], [ 27569, [ 2 ] ], [ 27570, [ 2 ] ], [ 27571, [ 2 ] ], 
  [ 27572, [ 2 ] ], [ 27573, [ 2 ] ], [ 27574, [ 2 ] ], [ 27575, [ 2 ] ], 
  [ 27576, [ 2 ] ], [ 27577, [ 2 ] ], [ 27578, [ 2 ] ], [ 27579, [ 2 ] ], 
  [ 27580, [ 2 ] ], [ 27581, [ 2 ] ], [ 27582, [ 2 ] ], [ 27583, [ 2 ] ], 
  [ 27584, [ 2 ] ], [ 27585, [ 2 ] ], [ 27586, [ 2 ] ], [ 27587, [ 2 ] ], 
  [ 27588, [ 2 ] ], [ 27589, [ 2 ] ], [ 27590, [ 2 ] ], [ 27591, [ 2 ] ], 
  [ 27592, [ 2 ] ], [ 27593, [ 2 ] ], [ 27594, [ 2 ] ], [ 27595, [ 2 ] ], 
  [ 27596, [ 2 ] ], [ 27597, [ 2 ] ], [ 27598, [ 2 ] ], [ 27599, [ 2 ] ], 
  [ 27600, [ 2 ] ], [ 27601, [ 2 ] ], [ 27602, [ 2 ] ], [ 27603, [ 2 ] ], 
  [ 27604, [ 2 ] ], [ 27605, [ 2 ] ], [ 27606, [ 2 ] ], [ 27607, [ 2 ] ], 
  [ 27608, [ 2 ] ], [ 27609, [ 2 ] ], [ 27610, [ 2 ] ], [ 27611, [ 2 ] ], 
  [ 27612, [ 2 ] ], [ 27613, [ 2 ] ], [ 27614, [ 2 ] ], [ 27615, [ 2 ] ], 
  [ 27616, [ 2 ] ], [ 27617, [ 2 ] ], [ 27618, [ 2 ] ], [ 27619, [ 2 ] ], 
  [ 27620, [ 2 ] ], [ 27621, [ 2 ] ], [ 27622, [ 2 ] ], [ 27623, [ 2 ] ], 
  [ 27624, [ 2 ] ], [ 27625, [ 2 ] ], [ 27626, [ 2 ] ], [ 27627, [ 2 ] ], 
  [ 27628, [ 2 ] ], [ 27629, [ 2 ] ], [ 27630, [ 2 ] ], [ 27631, [ 2 ] ], 
  [ 27632, [ 2 ] ], [ 29634, [ 2, 2 ] ], [ 29635, [ 2, 2 ] ], 
  [ 29636, [ 2, 2 ] ], [ 29637, [ 2, 2 ] ], [ 29638, [ 2, 2 ] ], 
  [ 29639, [ 2, 2 ] ], [ 29640, [ 2, 2 ] ], [ 29641, [ 2, 2 ] ], 
  [ 29642, [ 2, 2 ] ], [ 29643, [ 2, 2 ] ], [ 29644, [ 2, 2 ] ], 
  [ 29645, [ 2, 2 ] ], [ 29646, [ 2, 2 ] ], [ 29647, [ 2, 2 ] ], 
  [ 29648, [ 2, 2 ] ], [ 29649, [ 2, 2 ] ], [ 29650, [ 2, 2 ] ], 
  [ 29651, [ 2, 2 ] ], [ 29652, [ 2, 2 ] ], [ 29653, [ 2, 2 ] ], 
  [ 29654, [ 2, 2 ] ], [ 29655, [ 2, 2 ] ], [ 29656, [ 2, 2 ] ], 
  [ 29657, [ 2, 2 ] ], [ 29658, [ 2, 2 ] ], [ 29659, [ 2, 2 ] ], 
  [ 29660, [ 2, 2 ] ], [ 29661, [ 2, 2 ] ], [ 29662, [ 2, 2 ] ], 
  [ 29663, [ 2, 2 ] ], [ 29664, [ 2, 2 ] ], [ 29665, [ 2, 2 ] ], 
  [ 29666, [ 2, 2 ] ], [ 29667, [ 2, 2 ] ], [ 29668, [ 2, 2 ] ], 
  [ 29669, [ 2, 2 ] ], [ 29670, [ 2, 2 ] ], [ 29671, [ 2, 2 ] ], 
  [ 29672, [ 2, 2 ] ], [ 29673, [ 2, 2 ] ], [ 29674, [ 2, 2 ] ], 
  [ 29675, [ 2, 2 ] ], [ 29676, [ 2, 2 ] ], [ 29677, [ 2, 2 ] ], 
  [ 29678, [ 2, 2 ] ], [ 29679, [ 2, 2 ] ], [ 29680, [ 2, 2 ] ], 
  [ 29681, [ 2, 2 ] ], [ 29682, [ 2, 2 ] ], [ 29683, [ 2, 2 ] ], 
  [ 29684, [ 2, 2 ] ], [ 29685, [ 2, 2 ] ], [ 29686, [ 2, 2 ] ], 
  [ 29687, [ 2, 2 ] ], [ 29688, [ 2, 2 ] ], [ 29689, [ 2, 2 ] ], 
  [ 30424, [ 2 ] ], [ 30425, [ 2 ] ], [ 30426, [ 2 ] ], [ 30427, [ 2 ] ], 
  [ 30428, [ 2 ] ], [ 30429, [ 2 ] ], [ 30430, [ 2 ] ], [ 30431, [ 2 ] ], 
  [ 30432, [ 2 ] ], [ 30433, [ 2 ] ], [ 30434, [ 2 ] ], [ 30435, [ 2 ] ], 
  [ 30436, [ 2 ] ], [ 30437, [ 2 ] ], [ 30438, [ 2 ] ], [ 30439, [ 2 ] ], 
  [ 30440, [ 2 ] ], [ 30441, [ 2 ] ], [ 30442, [ 2 ] ], [ 30443, [ 2 ] ], 
  [ 30444, [ 2 ] ], [ 30445, [ 2 ] ], [ 30446, [ 2 ] ], [ 30447, [ 2 ] ], 
  [ 30448, [ 2 ] ], [ 30449, [ 2 ] ], [ 30450, [ 2 ] ], [ 30451, [ 2 ] ], 
  [ 30452, [ 2 ] ], [ 30453, [ 2 ] ], [ 30454, [ 2 ] ], [ 30455, [ 2 ] ], 
  [ 30456, [ 2 ] ], [ 30457, [ 2 ] ], [ 30458, [ 2 ] ], [ 30459, [ 2 ] ], 
  [ 30460, [ 2 ] ], [ 30461, [ 2 ] ], [ 30462, [ 2 ] ], [ 30463, [ 2 ] ], 
  [ 30464, [ 2 ] ], [ 30465, [ 2 ] ], [ 30466, [ 2 ] ], [ 30467, [ 2 ] ], 
  [ 30468, [ 2 ] ], [ 30469, [ 2 ] ], [ 30470, [ 2 ] ], [ 30471, [ 2 ] ], 
  [ 30472, [ 2 ] ], [ 30473, [ 2 ] ], [ 30474, [ 2 ] ], [ 30475, [ 2 ] ], 
  [ 30476, [ 2 ] ], [ 30477, [ 2 ] ], [ 30478, [ 2 ] ], [ 30479, [ 2 ] ], 
  [ 30480, [ 2 ] ], [ 30481, [ 2 ] ], [ 30482, [ 2 ] ], [ 30483, [ 2 ] ], 
  [ 30484, [ 2 ] ], [ 30485, [ 2 ] ], [ 30486, [ 2 ] ], [ 30487, [ 2 ] ], 
  [ 30488, [ 2 ] ], [ 30489, [ 2 ] ], [ 30490, [ 2 ] ], [ 30491, [ 2 ] ], 
  [ 30492, [ 2 ] ], [ 30493, [ 2 ] ], [ 30494, [ 2 ] ], [ 30495, [ 2 ] ], 
  [ 30496, [ 2 ] ], [ 30497, [ 2 ] ], [ 30498, [ 2 ] ], [ 30499, [ 2 ] ], 
  [ 30500, [ 2 ] ], [ 30501, [ 2 ] ], [ 30502, [ 2 ] ], [ 30503, [ 2 ] ], 
  [ 30504, [ 2 ] ], [ 30505, [ 2 ] ], [ 30506, [ 2 ] ], [ 30507, [ 2 ] ], 
  [ 30508, [ 2 ] ], [ 30509, [ 2 ] ], [ 30510, [ 2 ] ], [ 30511, [ 2 ] ], 
  [ 30512, [ 2 ] ], [ 30513, [ 2 ] ], [ 30514, [ 2 ] ], [ 30515, [ 2 ] ], 
  [ 30516, [ 2 ] ], [ 30517, [ 2 ] ], [ 30518, [ 2 ] ], [ 30519, [ 2 ] ], 
  [ 30520, [ 2 ] ], [ 30521, [ 2 ] ], [ 30522, [ 2 ] ], [ 30523, [ 2 ] ], 
  [ 30524, [ 2 ] ], [ 30525, [ 2 ] ], [ 30526, [ 2 ] ], [ 30527, [ 2 ] ], 
  [ 30528, [ 2 ] ], [ 30529, [ 2 ] ], [ 30530, [ 2 ] ], [ 30531, [ 2 ] ], 
  [ 30532, [ 2 ] ], [ 30533, [ 2 ] ], [ 30534, [ 2 ] ], [ 30535, [ 2 ] ], 
  [ 30536, [ 2 ] ], [ 30537, [ 2 ] ], [ 30538, [ 2 ] ], [ 30539, [ 2 ] ], 
  [ 30540, [ 2 ] ], [ 30541, [ 2 ] ], [ 30542, [ 2 ] ], [ 30543, [ 2 ] ], 
  [ 30544, [ 2 ] ], [ 30545, [ 2 ] ], [ 30546, [ 2 ] ], [ 30547, [ 2 ] ], 
  [ 30548, [ 2 ] ], [ 30549, [ 2 ] ], [ 30550, [ 2 ] ], [ 30551, [ 2 ] ], 
  [ 30552, [ 2 ] ], [ 30553, [ 2 ] ], [ 30554, [ 2 ] ], [ 30555, [ 2 ] ], 
  [ 30556, [ 2 ] ], [ 30557, [ 2 ] ], [ 30558, [ 2 ] ], [ 30559, [ 2 ] ], 
  [ 30560, [ 2 ] ], [ 30561, [ 2 ] ], [ 30562, [ 2 ] ], [ 30563, [ 2 ] ], 
  [ 30564, [ 2 ] ], [ 30565, [ 2 ] ], [ 30566, [ 2 ] ], [ 30567, [ 2 ] ], 
  [ 30568, [ 2 ] ], [ 30569, [ 2 ] ], [ 30570, [ 2 ] ], [ 30571, [ 2 ] ], 
  [ 30572, [ 2 ] ], [ 30573, [ 2 ] ], [ 30574, [ 2 ] ], [ 30575, [ 2 ] ], 
  [ 30576, [ 2 ] ], [ 30577, [ 2 ] ], [ 30578, [ 2 ] ], [ 30579, [ 2 ] ], 
  [ 30580, [ 2 ] ], [ 30581, [ 2 ] ], [ 30582, [ 2 ] ], [ 30583, [ 2 ] ], 
  [ 30584, [ 2 ] ], [ 30585, [ 2 ] ], [ 30586, [ 2 ] ], [ 30587, [ 2 ] ], 
  [ 30588, [ 2 ] ], [ 30589, [ 2 ] ], [ 30590, [ 2 ] ], [ 30591, [ 2 ] ], 
  [ 30592, [ 2 ] ], [ 30593, [ 2 ] ], [ 30594, [ 2 ] ], [ 30595, [ 2 ] ], 
  [ 30596, [ 2 ] ], [ 30597, [ 2 ] ], [ 30598, [ 2 ] ], [ 30599, [ 2 ] ], 
  [ 30600, [ 2 ] ], [ 30601, [ 2 ] ], [ 30602, [ 2 ] ], [ 30603, [ 2 ] ], 
  [ 30604, [ 2 ] ], [ 30605, [ 2 ] ], [ 30606, [ 2 ] ], [ 30607, [ 2 ] ], 
  [ 30608, [ 2 ] ], [ 30609, [ 2 ] ], [ 30610, [ 2 ] ], [ 30611, [ 2 ] ], 
  [ 30612, [ 2 ] ], [ 30613, [ 2 ] ], [ 30614, [ 2 ] ], [ 30615, [ 2 ] ], 
  [ 30616, [ 2 ] ], [ 30617, [ 2 ] ], [ 30618, [ 2 ] ], [ 30619, [ 2 ] ], 
  [ 30620, [ 2 ] ], [ 30621, [ 2 ] ], [ 30622, [ 2 ] ], [ 30623, [ 2 ] ], 
  [ 30624, [ 2 ] ], [ 30625, [ 2 ] ], [ 30626, [ 2 ] ], [ 30627, [ 2 ] ], 
  [ 30628, [ 2 ] ], [ 30629, [ 2 ] ], [ 30630, [ 2 ] ], [ 30631, [ 2 ] ], 
  [ 53426, [ 2 ] ], [ 53427, [ 2 ] ], [ 53428, [ 2 ] ], [ 53429, [ 2 ] ], 
  [ 53594, [ 2 ] ], [ 53595, [ 2 ] ], [ 53596, [ 2 ] ], [ 53597, [ 2 ] ], 
  [ 53621, [ 2 ] ], [ 53622, [ 2 ] ], [ 53623, [ 2 ] ], [ 53644, [ 2 ] ], 
  [ 53645, [ 2 ] ], [ 53662, [ 2 ] ], [ 53663, [ 2 ] ], [ 53664, [ 2 ] ], 
  [ 53723, [ 2 ] ], [ 53724, [ 2 ] ], [ 53725, [ 2 ] ], [ 53726, [ 2 ] ], 
  [ 53727, [ 2 ] ], [ 53728, [ 2 ] ], [ 53729, [ 2 ] ], [ 53771, [ 2 ] ], 
  [ 53772, [ 2 ] ], [ 53773, [ 2 ] ], [ 53774, [ 2 ] ], [ 53775, [ 2 ] ], 
  [ 53776, [ 2 ] ], [ 53777, [ 2 ] ], [ 53778, [ 2 ] ], [ 53835, [ 2 ] ], 
  [ 53836, [ 2 ] ], [ 53837, [ 2 ] ], [ 53838, [ 2 ] ], [ 53839, [ 2 ] ], 
  [ 53840, [ 2 ] ], [ 53841, [ 2 ] ], [ 53842, [ 2 ] ], [ 53889, [ 2 ] ], 
  [ 53890, [ 2 ] ], [ 53891, [ 2 ] ], [ 53892, [ 2 ] ], [ 53893, [ 2 ] ], 
  [ 53894, [ 2 ] ], [ 53895, [ 2 ] ], [ 53937, [ 2 ] ], [ 53938, [ 2 ] ], 
  [ 53939, [ 2 ] ], [ 53940, [ 2 ] ], [ 53941, [ 2 ] ], [ 53942, [ 2 ] ] ]
